domain,status,affected_row_count
10emeidoorn.nl,live,1
12treeschool.com,live,1
14e-montessori.nl,live,1
1ngm.com,live,1
2emontessorischool.nl,live,1
2samen.nl,live,2
3mariposasmontessori.com,live,1
4seasonsmontessori.com,live,1
5mw.nl,live,1
7emontessori.nl,live,1
7freun.de,live,1
aandebasis.nl,live,1
aasd.k12.wi.us,live,1
abcspanishinmotion.com,live,2
abcstewart.com,live,1
abintra.org,live,1
aboutchildcare.net.au,live,1
absorbentmindsburpengary.com.au,live,1
abvmtech.org,live,1
ac-amiens.fr,live,1
ac-bordeaux.fr,live,1
ac-lille.fr,live,3
ac-montpellier.fr,live,1
ac-nantes.fr,live,1
ac-nice.fr,live,3
ac-normandie.fr,live,2
ac-orleans-tours.fr,live,1
ac-polynesie.pf,live,1
ac-versailles.fr,live,1
acaciamontessori.co.za,live,1
academie-de-montessori.org,live,1
achildsjourneyschool.com,live,1
acof.it,live,1
acornmontessori.com,live,2
acornschool.org,live,1
acountrygarden.com.au,live,2
acsd1.org,live,1
actonfallschurch.org,live,1
acu.edu.au,live,1
adelinemontessori.com,live,1
adobemontessori.com,live,1
agbms.org,live,1
ahwatukeefoothillsmontessori.com,live,1
aimmontessori.com,live,1
akiramontessori.com,live,1
aktion-regenbogen-bonn.de,live,1
aktion-sonnenschein-thueringen.de,live,2
aktionsonnenschein.de,live,3
aktive-naturschule.de,live,1
aktivschule-erfurt.de,live,1
aktivschule.de,live,1
alavida.org,live,1
albany.k12.ny.us,live,1
albrookschool.org,live,1
alcottschool.org,live,1
alcuin.org,live,1
aldenmontessori.com,live,1
aldineisd.org,live,2
alefbetmontessori.org,live,1
alegriamontessori.com,live,1
alexandermontessori.com,live,4
allente.nl,live,1
alliummontessori.org,live,1
alphabetkids.co.nz,live,1
alphabetsmontessori.com,live,1
alphamontessori.co.za,live,1
alphamontessoridfw.com,live,1
alphensemontessorischool.nl,live,1
alpinemontessori.org,live,1
alqamaracademy.in,live,1
altavistamontessori.com,live,1
althorpmontessorischool.com,live,2
alto.vic.edu.au,live,1
alyssummontessori.org,live,1
amaremontessori.org,live,2
amc.school.nz,live,1
amcharterschool.com,live,2
amcsmontessori.org,live,1
americanindianmontessorinet.onmicrosoft.com,live,1
americanmontessorischools.com,live,1
amerysd.k12.wi.us,live,2
amherstmontessori.org,live,1
ami-montessori.co.kr,live,1
amiga-montessori.com.au,live,16
amischool.com,live,1
anchoragemontessorischool.org,live,1
ancorakids.com.au,live,1
andovermontessori.org,live,1
angeletsdellum.com,live,1
anhmontessori.com,live,1
anna-schmidt-schule.de,live,2
annefrank-montessori.nl,live,1
anokamra.org,live,1
antiochcharteracademy.org,live,2
aol.com,live,42
apepina.it,live,1
aplacetogrowmontessori.com,live,1
applemontessorischools.com,live,6
appleseedmontessori.com,live,1
appletonschool.ac.ke,live,2
applewoodrainbow.com,live,1
apprentissages.net,live,1
apsva.us,live,6
aquila-montessori.co.za,live,1
arborescencemontessori.org.uk,live,1
arbormontessori.org,live,1
arborschools.com,live,1
arbrebleu-montessori.fr,live,1
arcadiaschoolng.com,live,1
archipelprimair.nl,live,1
arcor.de,live,1
ardtonahouseschool.ie,live,1
arlingtonmontessori.com,live,1
armandbayouschool.com,live,2
armidalemontessori.nsw.edu.au,live,1
asapdx.org,live,1
asaphila.org,live,1
asb-heilbronn.de,live,1
asd2.org,live,1
asdk12.org,live,1
ashreinueducation.org,live,1
asifchimelli.it,live,1
asilonidocuccioli.com,live,1
askoscholen.nl,live,1
aspengrovems.com,live,1
asquithmontessori.co.uk,dead,1
assisi-schule.de,live,1
astermontessori.com,live,1
astigmatic.com,live,1
asvo.nl,live,1
at-montessori.com,live,1
atalamontessori.org,live,1
athena.nsw.edu.au,live,2
athenamontessoriacademy.com,live,1
atlanticmontessori.com,live,1
att.net,live,6
attlebridgemontessori.co.uk,live,1
auburnhouse.co.za,live,1
auduboncharter.com,live,1
auduboncharter.org,live,2
auroradomus.it,live,1
auroramontessori.com,live,1
austinchildrensacademy.com,live,1
austinisd.org,live,1
austinmontessori.org,live,1
austrabt.com,live,1
avchildcare.com.au,live,2
awo-kinderwelt.de,live,2
awo-saalfeld.de,live,2
awo-shk.de,live,1
azaleamontessori.org,live,1
azma.academy,live,1
baandek.org,live,1
babyhomenursery.com,live,1
bademlermontessori.net,live,1
bahiamontessorischool.com,live,1
balahouse.org,live,1
baldwin.k12.ga.us,live,2
bambini.sc.ke,live,1
bambinimontessori.org,live,1
bambinomontessorigh.com,live,1
banksia.wa.edu.au,live,2
bannockburn.ca,live,1
banyanmontessori.com,live,1
barcelonamontessorischool.com,live,1
barnesmontessori.co.uk,live,1
barrenjoeymontessori.nsw.edu.au,dead,1
barriemontessori.cl,live,1
barron.k12.wi.us,live,1
basd.k12.wi.us,live,1
baseerahmontessori.co.za,live,1
baycityelc.com.au,live,1
baymontessori.com,live,1
bcmcs.com,live,1
bcmontessori.org,live,1
bcsd.net,live,1
bcsdschools.net,live,1
beachparkschool.org,live,1
beaconacademyil.org,live,1
beaconhousemontessori.com.au,live,1
beaufort.k12.sc.us,live,2
bedfordmontessori.org,live,1
beehive.wa.edu.au,live,1
beescirclemontessorischool.com,dead,1
bellamentecharter.org,live,1
bellavisionmontessori.com,live,1
bellevillemontessori.net,live,1
bellmontessori.com,live,2
bellsouth.net,live,5
beltwaymontessori.com,live,1
bendmontessorischool.com,live,1
berenacademy.org,live,1
beretonmontessori.com,live,1
bergamoschools.com,live,2
bergenlafayettemontessori.com,live,2
berhampore.school.nz,live,1
berkshiremontessori.org,live,1
best-start.org,live,12
beststarteducare.co.nz,live,1
bethesdamontessori.com,live,1
bethmontessori.com,live,1
bethnalgreenmontessorischool.co.uk,live,1
bethsholomcongregation.org,live,1
beverlymontessori.org,live,1
beyondmontessori.org,live,1
bezosacademy.org,live,28
bfm.com.au,live,1
bgms.wa.edu.au,live,2
bhaktischool.org,live,1
bhms.ca,live,2
biberkor.de,live,2
bigpond.com,live,3
bigpond.net.au,live,1
bim-school.com,live,1
bingointl.com,live,1
birchtreemontessori.org,live,1
birchwood.k12.wi.us,dead,1
birken-grundschule.de,live,1
bistum-aachen.de,live,6
blaisdale.com,live,7
blista.de,live,4
bloominggrovemontessori.com,live,1
bloommontessori.com,live,1
blossominghill.org,live,1
bluebutterflyms.com,live,1
bluegum.org.au,live,1
bluemoonmontessori.org,live,1
blueridgemontessori.com,live,1
bluffviewmontessori.org,live,2
bmch.org.au,live,1
bmel.com.au,live,1
bmmg-krefeld.de,live,1
bmontessori.org,live,1
bmpcs.org,live,1
bmpschool.co.za,live,1
bms-ingelheim.de,live,1
bms-school.nl,live,1
bms.nsw.edu.au,live,1
bms.qld.edu.au,live,5
bms.vic.edu.au,live,1
bmso-school.com,live,2
boardwalkmontessori.com,live,1
boerhaave.o2g2.nl,live,1
boiseschools.org,live,1
bonkersbeat.com,live,1
bonn.de,live,1
bostonpublicschools.org,live,1
bouldermontessori.org,live,1
bovinamontessori.com,live,1
bowmanschool.org,live,1
bozemanmontessori.com,live,1
bozemansummitschool.org,live,1
brackendalemontessori.com,live,1
brasonmontessori.ca,live,1
breakthroughmontessori.org,live,1
brickton.org,live,1
bright-child.com,live,1
brightbeginnings.ae,live,1
brighthorizons.com,live,2
brightpathkids.com,live,2
brightstarmontessori.net,live,1
brightstars.net.au,live,3
brilliantstar.org,live,1
britishoakmontessori.ae,live,1
bromleyeastcs.org,live,1
bronxvillemontessori.com,live,1
brookeside.org,live,1
brookfieldacademy.net,live,3
brooksfieldschool.org,live,2
brookviewschool.org,live,1
browardschools.com,live,4
brpsk12.org,live,1
bryanstonmontessori.co.za,live,1
brylin.co.za,live,1
bubblescreche.com,live,1
buckeyeusd.org,live,1
budamontessori.com,live,1
buffaloschools.org,live,1
bugsandbutterflies.co.za,live,1
buildingfutures.com.au,live,2
bunnyburrows.co.nz,live,1
bussumsemontessori.nl,live,1
busybees.com,live,2
busybees.edu.au,live,1
butlerschool.org,live,1
caccmont.org,live,1
cacmp.org,live,6
caedmonschool.org,live,1
calvarybythesea.org,live,1
cambridgemontessori.org,live,1
camdenhill.com,live,1
cameragal.nsw.edu.au,live,1
campus-di-monaco.de,live,1
canadianmontessorinursery.com,live,2
cantonmontessori.org,live,1
canutillo-isd.org,live,2
capalabasc.eq.edu.au,live,1
capucinemontessori.org,live,1
cardinalragonesi.it,live,1
carefreekids.co.za,live,1
caribbean-montessori-school.com,live,1
carmelmontessori.com,live,1
carrigmontessori.com,live,1
carsonmontessori.com,live,1
casabambino.com,live,1
casadeemontessori.com,live,3
casadeibambini.nl,live,1
casadeibambiniorzivecchi.it,live,1
casadeibambinivirgillito.com,live,1
casadeibambinizambia.com,live,1
casademontessori.com,live,1
casadimir.org,live,1
casamiamontessori.ca,live,1
casamiamontessori.wa.edu.au,live,1
casamontessori.co.nz,live,1
casamontessori.co.uk,live,1
casamontessori.com,live,1
casamontessorinursery.com,live,1
casaverams.com,live,1
cascadiaschool.org,live,1
casita-montessori.fr,live,1
castleislandmontessori.org,live,1
catent.nl,live,1
cattoiramontessori.com,live,1
cbmontessorischool.com,live,1
cbms.net,live,1
cc-montessori.org,live,1
ccm.nsw.edu.au,live,1
ccmaco.com,live,1
ccpsonline.net,live,2
cdeducation.org,live,2
cdsa.org,live,1
cedarparkmontessori.com,live,1
cedarrivermontessori.org,live,2
cemco.org,live,1
cemcs.org,live,1
centermontessori.org,live,1
centrosintonia.it,live,1
centurionmontessori.co.za,live,1
cfl.rr.com,live,1
cfmschool.org,live,1
cgmacademy.com,live,3
cgmontessori.com,live,2
cgmspoulsbo.com,live,1
chaminade.edu,live,1
chapelgrange.co.uk,live,1
charleston.k12.sc.us,live,4
charlestoncountyschools.gov,live,1
charlotteacademy.com,live,1
charlotteprep.org,live,1
cherryhillmontessori.com,live,1
chesapeake-montessori.com,live,1
chesapeakemontessorischool.com,live,2
chesterfieldmontessori.org,live,1
chestertonmontessori.com,live,1
chestnutgrovemontessori.com,live,1
chestnuthill.ie,live,1
chestnutmontessori.com,live,1
chestnutmontessori.school,live,1
chiaravalle.org,live,1
child-caremontessori.com,live,1
childpeace.org,live,1
childrenmontessori.org,live,1
childrenscirclemontessori.com,live,1
childrensdaymontessori.org,live,1
childrenshouse-montessori.com,live,1
childrenshousenashville.org,live,1
childrenshousepdx.com,live,1
childrenshouseschool.ie,live,1
childrensmagnet.com,live,2
childrensmla.com,live,1
childrensroom.net,live,1
childrensstudio.co.za,live,1
childrenstree.org,live,1
childrensworkshopwi.com,live,1
childsview.org,live,1
chisd.net,live,2
chiselmontessori.com,live,1
chmch.com.au,live,1
choiceschools.com,live,5
christopherushof.de,live,1
chrysalis.wa.edu.au,live,1
chubbycheeksnursery.com,live,2
cimm.es,live,1
citycountryschool.org,live,1
citygardenschool.org,live,2
cityheights.ac.nz,live,1
ckschools.org,live,1
clanmore.ca,live,1
clarendoncsd.org,live,1
claymontessori.in,live,1
clementinemontessori.org,live,1
clemsonmontessori.com,live,1
clevelandmetroschools.org,live,2
clevelandmontessori.org,live,1
climbingladders.com.au,live,1
clms.org,live,1
clover.k12.sc.us,live,1
clovermontessorischool.org,live,1
cloverschool.com,live,2
cmcharter.org,live,5
cmcsmontessori.com,live,1
cmmontessori.net,live,1
cmn.ae,live,1
cmpschools.com,live,2
cms.act.edu.au,live,1
cms.cardiff.sch.uk,live,1
cms.k12.nc.us,live,5
cms.qld.edu.au,live,1
cmschool.net,live,5
cmsnorman.org,live,1
cmteny.com,live,2
coastalmontessoricharter.org,live,1
coastmontessori.co.nz,live,1
cobhammontessori.co.uk,live,1
codetel.net.do,live,1
colegioanunciacion.com,live,1
colegiomontessori.com,live,1
college-montessori-grand-est.fr,live,1
collegemontessori.org,live,1
combiwelvoorkinderen.nl,live,1
comcast.net,live,26
communityhaven.org,live,1
compassk12.org,live,2
complutumschool.com,live,1
comprensivodonbosco.it,live,1
comune.bologna.it,live,1
comune.bolzano.it,live,1
comune.calcinato.bs.it,live,1
comune.mantova.it,live,2
comune.napoli.it,live,1
comune.recanati.mc.it,live,1
comune.verona.it,live,1
concordmontessorischool.org,live,1
conexus.nu,live,2
consentscholen.nl,live,2
coolkidsmontessori.co.nz,live,1
coolspringsmontessori.com,live,1
cooperativaarchimede.it,live,1
coopsansaturnino.org,live,3
cornerspringmontessori.com,live,1
cornerstone-elementary.org,live,1
cornerstonemontessori.net,live,1
cornerstoneschool.org,live,1
corvallismontessori.org,live,1
cotswoldmontessori.co.za,live,1
cottonwoodschool.org,live,1
counciloakmontessori.org,live,1
countrydaylargo.com,live,1
countrymontessori.org,live,1
countrysideday.org,live,1
courtyardpreschool.org.nz,live,1
cps-k12.org,live,3
cps.edu,live,5
cpsboe.k12.oh.us,live,5
cpsd.us,live,1
crateracademy.com,live,1
creativelearningacademy.org,live,2
creativemontessori.com,live,1
crec.org,live,1
creekstonemontessori.org,live,1
crescentcityschools.org,live,1
crestviewmontessori.com,live,1
crossway-community.org,live,2
crowley.k12.tx.us,live,1
csmontessori.com.au,live,1
cspschools.org,live,1
ctmlife.com,live,1
ctms.org.za,live,1
curlewmontessori.com,live,1
cvillemont.co.za,live,1
cvmontessori.org,live,1
cvms.org,live,1
cypressjunction.org,live,1
d11.org,live,1
dadeschools.net,live,4
dahliamontessorinj.org,live,1
daisycottage.co.nz,live,1
dakotamontessori.org,live,1
dalianursery.ae,live,1
dallasisd.org,live,8
dandelionmontessori.org,live,1
dariolo.com,live,1
darlington.k12.sc.us,live,1
darun-naim.co.za,live,1
davincimontessori.com,live,1
daytonpublic.com,live,2
dcsdk12.org,live,2
de-ams.nl,live,1
de-trinoom.nl,live,1
dearbornschools.org,live,1
dearcroft-montessori.com,live,1
dearcroftmontessori.com,live,3
decaturmontessori.com,live,1
declipper.nl,live,1
decoloresschool.org,live,1
degoudenkraal.nl,live,1
dekalbschoolsga.org,live,2
dekleineprins.nl,live,1
deltaschools.com,live,1
depinksterbloem.nl,live,1
deplotter.com,live,1
descholekster.nl,live,1
desertgardenmontessori.org,live,1
detroitk12.org,live,3
devleugel.net,live,1
dgmontessori.org,live,1
dhmontessori.org,live,1
dhms.nl,live,1
diakonie-wl.de,live,1
diakoniewerk-son-hbn.de,live,1
diamanteschool.org,live,1
discover-montessori.com,live,1
discover-montessori.org,live,1
discovercece.org,live,1
discoverybayelc.com.au,live,6
discoveryhousemontessori.com,live,1
discoverymontessori.ca,live,1
discoverymontessori.org,live,1
discoverymontessoriga.com,live,1
discoverymontessorischool.org,live,1
discoverywoods.com,live,1
districtmontessori.org,live,1
divinemontessori.co.za,live,1
dixonmontessori.org,live,1
diyamontessori.in,live,1
dmschools.org,live,3
domain.com,live,3
donvalemontessori.vic.edu.au,live,1
dovesmontessori.com,live,1
downtownmontessori.com,live,1
dps61.org,live,1
dpsk12.net,live,5
dpsk12.org,live,2
dpsnc.net,live,5
drachenschuleodenwald.de,live,1
dreamersnest.org,live,1
dsg-schule.de,live,1
dsmontessori.org,live,1
dsmschool.co.za,live,1
dtms76.ca,live,4
duesseldorf.de,live,2
duhovkaskola.cz,live,1
dukesbridge.com,live,1
dupageschool.org,live,1
duvalschools.org,live,2
dvms.ca,live,1
eac.com.br,live,1
eaglepeakmontessori.org,live,1
earthlink.net,live,4
ease-clinic.jp,live,1
eastlakemontessori.org,live,1
eastyorkmontessori.com,live,1
ebrschools.org,live,2
ecasd.us,live,1
echinaceamontessori.org,live,1
eclimontessori.org,live,1
ecole-emma.fr,live,2
ecole-jedenfants.fr,live,1
ecole-montessori-andresy.com,live,1
ecole-montessori-colibris.com,live,4
ecole-montessori-melun.fr,live,1
ecole-montessori-rueil.fr,live,1
ecole-montessori-savoie.fr,live,1
ecoledescolibris.fr,live,1
ecoledupetitchemin.fr,live,1
ecolelestournesols.com,live,1
ecolelezephyr.fr,live,1
ecolemontessori-arbredevie.fr,live,1
ecolemontessori-avignon.org,live,1
ecolemontessori-internationale-salondeprovence.com,live,1
ecolemontessori.fr,live,1
ecolemontessori.sn,live,1
ecolemontessoriartois.org,live,1
ecolemontessoridubassin.fr,live,1
ecolemontessorilarochelle.fr,live,1
ecolemontessorimarmandais.com,live,1
ecolemontessoriparis.fr,live,1
ectorcountyisd.org,live,1
ed.act.edu.au,live,1
edelsol.org,live,1
edleun.com,live,1
eduard-dietrich-schule.ratingen.de,live,1
educacionbogota.edu.co,live,1
educastillalamancha.es,live,2
educatememontessori.com.au,live,1
education.vic.gov.au,live,3
educationformadagascar.org,live,1
educavis.com,live,1
educomontessori.es,live,1
edumail.vic.gov.au,live,2
edumarevpr.nl,live,1
edumart.com,live,1
eerstemontessori.nl,live,1
efwma.org,live,1
ege-annaberg.de,live,2
eiciudadjardin.com,live,1
eilanden.espritscholen.nl,live,1
einsteinschool.nl,live,1
eircom.net,live,1
eitzchaim.com,live,1
ejska.de,live,1
ekmontessori.com.au,live,1
elckerlyc.net,live,1
eldoradomontessori.com,live,1
elementsmontessori.com,live,1
elementsmontessorischools.com,live,1
elevenschool.com,live,1
elfmontessori.co.za,live,2
elimattamontessori.com.au,live,1
elizabethacademy.com,live,1
elkb.de,live,2
ellijaymontessori.com,live,1
ellingtonmontessori.com,dead,1
ellipsema.com,live,1
elmcitymontessori.org,live,1
elmclavington.com,dead,1
elmsschool.co.uk,live,1
email.com,live,1
email.it,live,1
emepalaiseau.fr,dead,1
emi-paris.com,live,2
emile-montessori.de,live,2
emitanger.com,live,1
emma-gosier.fr,dead,1
emmi91.fr,live,1
empirepreschool.com,live,1
ems.nsw.edu.au,live,1
emsmontessori.org,live,2
encyclopedia-school-montessori.fr,live,1
enfieldmontessorischool.org,live,1
engels-kirchen.de,live,1
enms.nl,live,1
enrichearlyeducation.com.au,live,1
episd.org,live,2
epm.education,live,1
epsb.com,live,1
eq.edu.au,live,1
erdkinder.de,live,2
erpsk12.org,live,1
errigalcreche.com,live,1
escolanatura.com,live,1
escuelalibreallegra.es,live,1
escuelamontessorimadrid.com,live,1
espacioeducativoalmamontessori.es,live,1
espacioinfantilarganzuela.com,live,1
espritschool.com,live,1
essington.nt.edu.au,live,1
estrellitasdc.com,live,1
etonschool.org,live,1
euadotomontessori.com,live,1
eucalyptusmontessori.com.au,live,1
ev-kirche-wahlscheid.de,live,1
evangelische-gemeinschaftsschule-erfurt.de,live,1
evergreenschool.com,live,1
evsig.de,live,2
ewmm.nl,live,1
explorersschoolsgh.com,live,1
eyasmontessori.com,live,1
eyebytes.com,live,1
fairviewglen.com,live,1
fairviewmontessori.com,live,1
faithms.edu.gh,live,1
famformatis.de,live,2
familientreff-gerlingen.de,live,1
familystar.net,live,2
farmhousemontessori.nsw.edu.au,live,1
farmschool.xyz,live,1
fawz.de,live,4
fcm.nz,live,2
fcps.edu,live,1
fcps.org,live,2
fcusd.org,live,1
fellow.bes.org,live,1
ferndalemontessori.com,live,1
ferndaleschools.org,live,1
fernwoodmontessori.com,live,1
fgs-freiberg.de,live,1
ficino.school.nz,live,1
firelandsmontessori.org,live,2
firststepsnursery.com,live,1
fishtownmontessori.com,live,1
fjacademy.com,live,1
flagmontessori.com,live,1
fletcherelc.com.au,live,1
flintschools.org,live,1
floresonderwijs.nl,live,2
fmacademy.ca,live,1
fms.org,live,1
focomontessori.org,live,1
fondazionepatriziopaoletti.org,live,1
fondazionepiranicremona.it,live,1
foothillsmontessori.com,live,1
forestbluffschool.org,live,1
forestparkmontessori.org,live,1
forestvillemontessori.nsw.edu.au,live,1
fortior.nl,live,1
fos-montessori-kronach.de,live,1
fos.montessori-landshut.de,live,1
foundationsmontessori.ca,live,1
fountainmontessori.com,live,3
foxvalleymontessori.org,live,2
fpcconcord.org,live,1
fpcharter.org,live,1
fpcosms.com,live,1
franklinmontessori.com,live,1
franziska-aachen.de,live,1
fraserwoods.com,live,1
frederickmontessori.com,live,1
free.fr,live,2
freedommontessori.org,live,1
freie-schule-angermuende.de,live,2
freie-schule-eifel.de,live,1
freie-schule-guestrow.de,live,1
freieschulelindau.de,live,1
frenchmaternalschool.com,live,1
freudbergschule.de,live,1
friendshipmontessori.org,live,1
frontier.com,live,2
fsd1.org,live,4
fsd2.org,live,1
fsdbk12.org,live,1
fsma.k12.de.us,live,1
fsmontessori.com,live,1
ftc-i.net,live,1
fujairahmontessori.com,live,1
fullcirclemontessori.com,live,1
fundacionmontessori.org,live,1
fvmontessori.com,live,1
fwcs.k12.in.us,live,2
fwisd.org,live,1
gardencitymontessori.com,live,1
gardengatemontessori.com,live,1
gardenmontessorischool.org,live,1
garlandisd.net,live,2
gateway.edu.eg,live,1
gatewaymontessori.org,live,1
gatewaymontessorischool.net,live,1
gbmontessori.com,live,2
gcsnc.com,live,1
gemeinde-nobitz.de,live,1
georgetownmontessori.org,live,1
gettysburgmontessoricharter.org,live,1
ghirigoro.it,live,2
giardinodelsapere.it,live,1
gigglesaddis.com,live,1
gilpin.k12.co.us,live,1
givingtreemontessori.org,live,1
glenabbeymontessori.com,live,1
glenashtonmontessori.com,live,1
glendowiemontessori.net.nz,live,1
glenmontessori.org,live,1
glenpark-montessori.com,live,1
globalmontessori.com,live,1
globalmontessorischool.org,live,2
glowfieldschool.com,live,1
gma.k12.in.us,live,1
gmail.com,live,630
gmail.it,live,1
gmamt.org,live,1
gmis-berkeley.com,live,1
gmx.de,live,4
gmx.net,live,2
gol.com,live,1
goldcoastmontessorichildcare.com,live,1
goldenbeads.org.nz,live,1
goldengrove.school.nz,live,1
goldenrodmontessori.org,live,1
goldmaterial.com,live,1
goodschool.co,live,1
goodshepherdvancouver.org,live,1
goodtreeacademy.org,live,1
goodwatermontessori.org,live,1
googlemail.com,live,2
gorerangemontessori.com,live,2
gotha.de,live,1
gpa-international.com,live,1
gpacharter.org,live,1
gpisd.org,live,1
gracemontessori.co.uk,live,1
gracemontessori.org,live,1
gracemontessorischool.es,live,1
grandforksmontessori.com,live,1
grandlakemontessori.com,live,1
greatlakesmontessori.ca,live,2
greatminds.ae,live,1
greatmontessori.com,live,1
greatriverschool.org,live,1
greenbrook-montessori.com,live,1
greenhedges.org,live,1
greenivy.com,live,2
greenspringmontessori.org,live,1
greenvalleymontessori.com,live,1
greenvalleyschool.com,live,1
greylynn.busybees.org.nz,live,1
greystonesmontessori.ie,dead,1
groearlylearning.com.au,live,4
grovelyss.eq.edu.au,live,1
growing-minds-montessori.com,live,1
growinglight.net,live,1
growingwonders.org,live,1
growmontessori.org,live,1
grps.org,live,4
grundschule-poessneck.de,dead,1
gscmontessori.org,live,1
gsms.org,live,2
gtms.org,live,1
guadalupemontessori.org,live,1
guideacademy.org,live,1
guideandgrow.com,live,1
guidepostmontessori.com,live,24
gvl.vic.edu.au,live,1
gwd50.org,live,1
habitatlearning.com.au,live,3
hagenschule.info,live,2
hagerhof.de,live,1
haggardchildcare.com,live,1
hamiltonmontessori.ca,live,1
hamiltonparkmontessori.com,live,1
hamlin.esc14.net,live,1
hanmail.net,live,3
happyforeverschool.com,live,1
happyhearts.rw,live,1
happymindsmontessori.com,live,1
harbormontessori.org,live,2
harlemvillage.org,live,1
harmonymontessori.co.in,live,1
harpethmontessori.com,live,1
hartfordschools.org,live,2
hatfieldmontessori.co.za,live,1
havenmontessori.org,live,1
hawaii.rr.com,live,1
hawaiimontessori.org,live,2
hawkmeadowmontessori.com,live,1
haywardtwinoaks.org,live,1
hcacs.net,live,1
hcmontessori.org,live,1
hcmontessori.vic.edu.au,live,1
hcps.net,live,1
hdmsreno.com,live,1
headlandmontessori.com.au,live,1
headstart.edu.in,live,2
headstartmontessori.ca,live,1
headstartmontessori.com.au,live,1
headsup.org,live,3
headwaterhills.org,live,1
headwaters.org,live,1
healthybeginningsmontessori.com,live,1
heartandhandsmontessori.com,live,1
heartlandmontessori.org,live,1
heartsgathered.org,live,1
heartwoodaz.org,live,1
heathmontbmel.com.au,live,1
helenaflats.org,live,1
helenaschools.org,live,3
henleymontessori.co.uk,live,1
hermosaschool.org,live,1
herokindercentra.nl,live,1
hgmnursery.co.uk,live,1
highlandcommunityschool.org,live,1
hillkruin.co.za,live,1
hillsmontessori.com,live,1
hilltopmontessori.org,live,3
hiltonmontessori.co.za,live,1
himmelsleiter.de,live,1
himontessori.com,live,1
hml.nl,live,1
hmps.net,live,4
hmskids.com,live,1
hobokenmontessori.com,live,1
hollismontessori.org,live,1
hollistermontessori.com,live,1
holliston.k12.ma.us,live,2
hollyhockmontessori.org,live,1
hollytreemontessorinursery.co.uk,live,1
holycomm.org,live,1
holytrinitymontessori.org,live,1
honeycombpreschool.co.za,live,1
hopeacademy.com,live,15
hopesanddreams.co.uk,live,2
hopitutuqaiki.com,live,1
hopscotchmontessori.com,live,1
hosannahousemontessori.co.in,live,1
hotmail.co.nz,live,1
hotmail.co.uk,live,1
hotmail.com,live,34
houstonisd.org,live,4
huckepack-ev.de,live,2
hudsoncountry.org,live,2
hudsonmontessori.net,live,1
hughes.net,live,2
humankind.nl,live,3
humboldtparkmontessori.com,live,1
hummingbirds.cc,live,1
humsci.org,live,1
hundertwasserschule-nv.de,live,1
hvmcps.org,live,1
hvmontessori.org,live,1
hyacinthmontessori.org,live,1
hydeparkmontessori.org,live,1
hymamshu.org,live,1
i-m-smart.co.za,live,1
ibms-frankfurt.com,live,3
iccasier.edu.it,live,1
icdarfo2.it,live,1
icloud.com,live,3
icmuzio.gov.it,dead,1
icpassirano.edu.it,live,1
icsannilo.edu.it,live,1
icubemontessori.com,live,1
iczanella.net,live,1
ifap-apolda.de,live,4
iglou.com,live,1
igniteutah.org,live,1
ilgiardinodellinfanzia.it,live,1
illuminatemontessori.com,live,1
ilmacademy.org,live,1
imaginalia.ie,live,1
imagine-montessori.fr,live,2
imaginemontessori.es,live,1
imapublic.org,live,1
imch.com.au,live,1
ime-do.de,live,1
impactls.com.au,live,1
ims-sotogrande.com,live,1
imsnc.org,live,1
incarnations.co.in,live,1
indabainstitute.org,live,1
indigokid.club,live,1
indigomontessori.com.au,live,8
inepr.com,live,1
inlyschool.org,live,1
inmontessori.com,live,1
innoord.nl,live,1
innovationmontessori.com,live,1
inspire.edu.au,live,17
inspirechildren.com,live,3
inspiring-education.eu,live,1
integrations-und-waldkiga.de,live,2
interculturalmontessori.org,live,2
internationalmontessori.net,live,1
internationalmontessorischools.com,live,2
invictus-nash.org,live,1
iowacity-montessori.org,live,1
ipsb.education,live,1
iremiamontessori.com,live,1
irvinemontessori.com,live,4
islandmontessorischool.com,live,1
islandvillage.org,live,1
isms.nsw.edu.au,live,1
isnaples.it,live,1
isobscholen.nl,live,1
issaquahmontessori.com,live,1
istruzione.it,live,163
istruzione.itq,dead,1
isw.info,live,1
ithacamontessori.org,live,1
iusd.org,live,1
ivylane.ie,live,1
iwacc.org,live,1
iway.na,live,1
jacarandamontesssori.co.za,dead,1
jackandjillmontessori.ie,live,1
jackson.k12.ms.us,live,1
jacob-maris.nl,live,1
jan-vermeer.nl,live,2
janprinsschool.nl,live,1
jarrow.org,live,1
jeffco.k12.co.us,live,4
jefferson.kyschools.us,live,2
jena.de,live,2
jmacarlsbad.com,live,1
jmcss.org,live,2
johannesschule-saalfeld.de,live,1
jolietmontessorischool.org,live,1
jonathanmontessori.org,live,1
jordanmlu.nl,live,1
journeymontessorischool.org,live,1
joyfulmontessori.com.au,live,1
joyfulscholars.org,live,1
joyparkmontessori.com,live,1
joyspringmontessori.co.za,live,1
jpsk12.org,live,1
jubileemontessori.co.za,live,1
judymontessori.com,live,1
jugendsozialwerk.de,live,3
jumbokids.com,live,1
juneaumontessori.org,live,1
juneauschools.org,live,1
junioracademy.fr,live,1
jus-or.de,live,1
k12.dc.gov,live,3
k12northstar.org,live,1
kabanmontessori.ca,live,2
kadriorumontessorikool.ee,live,1
kakuozan-preschool.com,live,1
kalamazoopublicschools.net,live,1
kalispellmontessori.com,live,1
kalkermontessori.vic.edu.au,live,1
kalpavrikshmontessori.com,live,1
kansenkleur.nl,live,1
kappio.nl,live,1
karuna.com.au,live,1
kawaiahaoschool.org,live,1
kawarthamontessori.com,live,1
kcaandeoosterplas.nl,live,2
kclcmontessori.org,live,1
kcpublicschools.org,live,2
kdmch.com.au,live,1
keenemontessorischool.org,live,1
kendalwoodmontessori.com,live,1
kennebecmontessori.org,live,1
kennedy.lucasonderwijs.nl,live,1
kernersvillemoravian.org,live,1
kewparkmontessori.com,live,1
keyinternationalschool.com,live,1
keysschools.com,live,3
keystonedaycare.com,dead,1
keystonemontessori.com,live,1
keystonemontessori.org,live,1
keystonemontessoriky.org,live,1
keystonemontessorischool.org,live,1
keystoneschool.com,live,2
khalsaschools.org,live,1
kiddiegarten.com,live,1
kiddieslearninghub.com.au,live,1
kiddyland.com.au,live,1
kids-collective.com,live,1
kidsgalaxy.us,live,1
kidsislandnursery.com,live,1
kidsplanetdaynurseries.co.uk,live,1
kidsplay.ie,live,1
kidstown.co.za,live,1
kila-lotte-max.de,live,1
kilaloma.de,live,1
kinder-der-zukunft.de,live,2
kinderbrookmontessori.com,live,1
kindergarten-baobab.de,live,1
kindergarten-im-altfeld.de,live,1
kindergarten.vic.gov.au,live,1
kindergartendragonetti.it,live,1
kinderhaus-an-der-elbe.de,live,1
kinderhaus-bienennest.de,live,1
kinderhaus-klatschmohn.de,live,1
kinderhaus-kleve.de,live,1
kinderhaus-marktleuthen.de,live,1
kinderhaus-montessori.de,live,1
kinderhaus-montessori.org,live,1
kinderhaus-walsrode.de,live,1
kinderhausbocholt.de,live,1
kinderhausmontessori.com,live,2
kinderheart.ca,live,1
kinderoase-muenchen.de,live,1
kinderreich-montessori.de,live,2
kindertraeume-online.org,live,2
kindervalleyacademy.com,live,1
kinderzeit-gutezeit.de,live,2
kingsley.org,live,1
kingsridgemontessori.com,live,1
kion.nl,live,1
kipepeoschool.org,live,1
kita-heiliger-georg.de,live,1
kita-pusteblume.blankenfelde-mahlow.de,live,1
kita-sinnesreich.de,live,1
kivacharter.org,live,1
kleenedoerper.de,live,1
kmch.qld.edu.au,live,1
kmps.ca,live,1
kmsbussum.nl,live,1
kmschool.org,live,2
kmschools.org,live,1
kmscrhs.ca,live,3
kmshydepark.com,live,1
knoxvillemontessori.org,live,1
knysnamontessori.co.za,live,1
kopwerk.nl,live,1
korein.nl,live,3
kovmickey.nl,live,1
kpbsd.k12.ak.us,live,1
kraniche-naturschule.de,dead,1
kripamontessori.com,live,1
ksd111.org,live,1
ksu.nl,live,1
kulimamontessori.org,live,1
kvaschaffenburg.brk.de,live,1
kvs-hh.de,live,2
kyndmontessori.com.au,live,1
la-montessori.com,live,1
lacaricadei101.net,live,1
lacasamontessori.org,live,1
lacasaoperosa.it,live,1
lachouettebleue.fr,live,1
lachrysalide.education,live,1
lacrescentmontessori.com,live,2
lacrossesd.org,live,1
ladybirdnursery.ae,live,3
lagrandecasa.it,live,1
lakecountryschool.org,live,1
lakehillsmontessori.com,live,3
lakelandmontessori.com,live,1
lakemeridianmontessori.com,live,1
lakemontessori.com,live,1
lakesuperioracademy.com,live,1
lakeviewmontessori.ca,live,3
lamagnoliamontessori.com,live,1
lambpcs.org,live,1
lamplighterschool.org,live,1
lancastermontessori.org,live,1
landweg.org,live,2
laniakeamontessori.com,live,1
lansdalemontessori.com,live,1
lansingschools.net,live,1
lapms.com,live,1
laprimacasa.com,live,1
laprintaniere.com,live,1
lastronauta.it,live,1
latourrose-toulouse.com,live,1
lattavikings.com,live,1
lauremontschool.ca,live,1
laurens55.org,live,8
lauwerseneems.nl,dead,1
lavallettek12.org,live,1
lavingtonmontessori.co.ke,live,1
lawrencemontessorischool.com,live,1
lcmcs.org,live,1
ldva.on.ca,live,1
le-petit-monde-de-montessori.net,live,1
leadingbees.com.au,live,1
learning-grove.org,live,1
learningkids.com.au,live,1
learningladderelc.com.au,live,3
learningtreechennai.com,live,1
learningtreemontessori.com,live,1
leavesdenmontessori.org.uk,live,1
lebenshilfe-aachen.de,live,1
lebenshilfe-schenefeld.de,live,1
lebenshilfe-soe.de,live,1
lebenshilfe.de,live,1
leelanaumontessori.org,live,1
leemontessori.org,live,2
lefutrecht.nl,live,1
leglobecolore.com,live,1
lemontmontessori.com,live,1
lenvolmontessori.org,live,1
leportschools.com,live,9
lernatelier-ev.com,live,1
les-lettres-dorees.fr,dead,1
lesateliersdezoy.ma,live,1
leschemins-detraverse.fr,live,1
lesclochettesdesperance.com,live,1
lespetitsplus.org,live,1
lex3.org,live,1
lexington4.net,live,3
lexingtonfriendspreschool.org,live,1
lexkymontessori.org,live,1
lexmontessori.org,live,1
lexrich5.org,live,1
libero.it,live,4
libertasmemphis.org,live,1
liemersnovum.nl,live,1
lifespanmontessori.com,live,1
lighthousemontessoricanada.ca,live,1
lighthousenurseryschool.co.uk,live,1
lightoftheworldacademy.org,live,1
lilchamps.co.nz,live,2
lilchamps.cp.nz,dead,1
lilyhouseschool.co.za,live,3
limaimontessori.com,live,2
lindfieldmontessori.nsw.edu.au,dead,1
liriomontessori.org,live,1
lisd.org,live,1
little-explorers.com,live,1
little-philo-school.com,live,1
littleacorns-montessori.org,live,1
littleacornsmontessori.com,live,1
littlebeachhousemontessori.com,live,1
littleblossommontessori.com,live,2
littleearth.co.nz,live,3
littleeinsteins.co.nz,live,1
littlefeetuae.com,live,1
littleflowersmn.org,live,2
littlehandsatwork.com.au,live,1
littleheroesethiopia.com,live,1
littlehill.co.za,live,1
littlelandnursery.com,live,1
littlelaneelc.com.au,live,1
littlemillennium.com,live,1
littleminds.co.za,live,1
littlemindsmontessori.com,live,1
littlemouse.co.za,live,1
littleoakmontessori.com,live,1
littlepawshouse.com,live,1
littlepieno.com,live,3
littleredbreck.com,live,1
littleschool.co.nz,live,1
littleschools.com.au,live,1
littlesmarties.com.au,live,1
littlestarelc.nsw.edu.au,live,1
littlestarfish.jp,live,1
littlestarmontessori.co.za,live,1
littlestars.co.za,live,1
littlethinkersmontessori.co.in,live,1
littletreemisg.com,live,1
littlewondersmontessori.com.au,live,1
littleworldima.com,live,1
live.com.au,live,2
livingmontessori.co.za,live,1
livingmontessori.com,live,1
livingspringmontessori.com,live,1
lmafrisco.com,live,2
lmischool.org,live,1
lmo-lyon.com,live,1
lmschool.org,live,1
lodimontessori.com,live,1
lolek-bolek.com,live,2
losaltosmontessori.org,live,1
lotusmontessoriacademy.org,live,1
lotuspreschool.co.za,live,1
lourdesclassical.org,live,1
lovetrust.co.za,live,1
lowcomo.com,live,1
lsaoc.com,live,1
lumineducation.org,live,3
lunamontessori.com,live,1
lunasmontessori.com,live,1
lupinemontessori.org,live,1
luria-academy.org,live,1
lyceeinternationalmontessori.fr,live,1
lyceemontessori.com,live,1
lyonsgate.ca,live,2
lyonsvalleypreschool.org,live,1
m-r.co.za,live,1
maas-waal.nl,live,1
mabschool.com,live,1
mac.com,live,2
mackids.net,live,1
maddingleymontessori.com.au,live,1
madisoncommunitymontessori.org,live,1
madisonmontessori.org,live,1
madridmontessori.org,live,1
maeeonline.com,live,1
maespaieducatiu.com,live,1
magnoliamontessoriacademy.com,live,1
magnoliamontessorischool.com,live,1
maharishischool.org,live,1
mail.aachen.de,live,7
mail.ru,live,1
maine.rr.com,live,1
maisondesenfantsmontessori.com,live,1
majuelo-educacion.com,live,1
mammolinamontessori.com,live,1
mamskinderopvang.nl,live,1
manalapanmontessori.com,live,1
manamontessori.school.nz,live,1
manh.org,live,2
manj.org,live,1
manormontessori.com,live,1
manormontessorischool.com,live,1
manyriversmontessori.org,live,1
maoj.org,live,2
mapetiteecolemontessori.com,live,2
mapleton.us,live,1
mapletonmontessori.org,live,1
mapletreemontessori.ca,live,1
mapletreemontessori.com,live,2
mapmontessori.co.za,live,1
maramontessori.com,live,1
mariamontessori.co.za,live,1
mariamontessori.nl,live,1
mariamontessori.org,live,4
mariamontessoriacademy.net,live,1
mariashousemontessori.com,live,1
marigoldmontessori.org,live,1
marinmontessori.org,live,1
marion.k12.sc.us,live,1
mariposamontessori.com,live,1
marlboroughmontessori.co.nz,live,1
maryangelsschools.com,live,1
marypoppinscarpi.it,live,1
mastermindmontessori.com,live,1
materamoris.org,live,1
maustonschools.org,live,1
mayrivermontessori.com,live,1
mbegin.com.au,live,4
mbs.edu.co,live,1
mc-eindhoven.nl,live,1
mccormick.k12.sc.us,live,1
mccvmontessori.com,live,1
mcdbc.com,live,1
mcdcpoway.com,live,1
mcdonaldmontessori.com,live,1
mcf.ngo,live,1
mcguffeymontessori.com,live,1
mch-lenawee.org,live,1
mchkids.com,live,1
mchl.org,live,1
mchnb.net,live,1
mchs-dallas.org,dead,1
mchvf.org,live,1
mchw.co.nz,live,1
mcidenver.edu,live,1
mcleanmontessori.org,live,1
mcmacademy.org,live,1
mcms.us,live,1
mcpublic.org,live,1
mcsd.k12.ca.us,live,2
mcshammond.com,live,1
mcsnewtown.com,live,2
mcsomaha.org,live,1
mcsri.org,live,1
mcssb.org,live,1
mdpsc.org,live,1
mdsch.org,live,1
me.com,live,5
meadmontessorischool.com,live,1
meadowmontessori.com,live,1
meadowmontessori.org,live,1
meadowscenter.com,live,1
meadowsmontessori.org,live,1
mecalex.org,live,1
mecta.edu.au,live,1
mediachildrenshouse.com,live,1
medinamontessori.org,live,1
meerbusch.de,live,1
meerkring.nl,live,1
mehermontessori.org,live,1
mehp.org,live,1
meinmontessori.de,live,4
mekra.de,live,1
meltonmontessori.com.au,live,1
memorialmontessori.com,live,1
merakimontessori.co.nz,live,1
merakimontessori.in,live,1
metromontessori.com,live,1
mettamontessori.com,live,1
mfamontessori.com,live,1
mhfcschool.com,live,2
mhmlv.com,live,1
mhmontessori.co.nz,live,1
mhoc.co.nz,live,1
mhtc.net,live,1
mia-dz.com,live,1
miamishoresmontessori.com,live,1
mic.qld.edu.au,live,1
michiganmontessori.org,live,1
micronidomontessori.it,live,1
midcitiesmontessori.com,live,1
middleburgmontessori.com,live,1
midrandmontessori.co.za,live,2
miescuelamontessori.com,live,1
mikiemontessori.eus,live,1
milanomontessori.it,live,1
mildenhallmontessori.com,live,3
milehighearlylearning.org,live,3
milkshakemontessori.co.uk,live,1
millbrookmontessori.com.au,live,1
millfalls.org,live,1
millhopper.com,live,1
milwaukee-montessori.org,live,1
milwaukee.k12.wi.us,live,7
mindspring.com,live,1
mipschool.org,live,1
miraclemontessori.ca,live,1
miramelinda.org,live,1
mischiefmakersmontessori.ie,dead,1
misd.k12.wi.us,live,1
mismanosmontessori.com,live,1
misolmontessori.org,dead,1
missionmontessori.com,live,4
missoulavalleymontessori.com,live,1
mitcheltonshs.eq.edu.au,live,1
miteducation.net,live,5
mjds.ca,live,2
mkc-montijn.nl,live,1
mkcannefrank.nl,live,2
mkcmiomondo.nl,live,1
mkuchester.com,live,1
mkufuquay.com,live,1
mkuschools.com,live,1
mlf.asg.nl,live,1
mlgm.nl,live,1
mlkdreamschool.org,live,1
mlm-school.org,live,1
mm-cs.org,live,1
mm-paf.de,live,1
mmautah.org,live,1
mmc.vic.edu.au,live,1
mmcharter.org,live,1
mmec.ca,live,2
mmge-ac.de,live,1
mmps.vic.edu.au,live,1
mms-edu.com,live,1
mms.vic.edu.au,live,1
mmschools.org,live,1
mmskumasi.com,live,1
mmu.ms,live,2
mnps.org,live,2
mnvr.nl,live,1
mo-o.org,live,1
modernmontessoriindia.com,live,1
mojomontessori.com.au,live,1
moki-coesfeld.de,live,1
mokida.de,live,1
mokinau.de,live,1
molomhlaba.org,live,1
momanaturemontessori.com,live,1
momas.schule,live,1
momi.org,live,1
momuc-kinderhaus.de,live,1
monaddrei.de,live,3
monarchm.com,live,2
monashelc.com.au,live,1
monroe.wednet.edu,live,2
montacad.org,live,1
montacademy.org,live,1
montclair.k12.nj.us,live,1
montdiscovery.org,live,1
monte-campus.de,live,1
monte-muenchen.de,live,2
monte-rm.de,live,1
monte-ts.de,live,1
monte-worms.de,live,1
monteintel.org,live,1
montesourire.com,live,2
montessori-aerdenhout.nl,live,1
montessori-allgaeu.de,live,2
montessori-ansbach.de,live,3
montessori-at-riverton.org,live,1
montessori-auchenflower.com.au,live,1
montessori-augsburg.de,live,1
montessori-bad-duerkheim.de,live,2
montessori-bamberg.de,live,1
montessori-bautzen.de,live,2
montessori-berg.de,live,1
montessori-bergerac.com,live,2
montessori-bergischesland.de,live,1
montessori-bgl.de,live,1
montessori-bhs.de,live,3
montessori-bielefeld.de,live,3
montessori-borken.de,live,3
montessori-boz.nl,live,1
montessori-bs.nl,live,1
montessori-by-sea.org,live,1
montessori-cairo.com,live,1
montessori-camden.com,live,1
montessori-campus-soe.de,live,1
montessori-cbk.de,live,1
montessori-centre.com,live,1
montessori-chiemgau.de,live,2
montessori-childrens-academy.org,live,1
montessori-cms.nl,live,1
montessori-coe.de,live,1
montessori-colombes.com,live,1
montessori-conflans.com,live,1
montessori-darmstadt.de,live,1
montessori-deflierefluiter.nl,live,1
montessori-dietzenbach.de,live,3
montessori-dijon.fr,live,1
montessori-dinkelscherben.de,live,3
montessori-donauwald.de,live,1
montessori-dorsten.de,live,1
montessori-eggenfelden.de,live,2
montessori-erding.de,live,2
montessori-erfurt.de,live,3
montessori-esf.org,live,3
montessori-esslingen.de,live,1
montessori-et-permaculture.com,live,1
montessori-evergreen.org,live,3
montessori-explorer.com,live,1
montessori-eylcc.com.au,live,3
montessori-feuerbach.de,live,1
montessori-ffb.de,live,3
montessori-fichtelgebirge.de,live,1
montessori-fos.de,live,1
montessori-freising.de,live,2
montessori-fuer-kinder.de,live,1
montessori-fuessen.de,live,1
montessori-gauting.de,live,1
montessori-gemeinschaftshaus.de,live,2
montessori-goe.de,live,3
montessori-goerlitz.de,dead,2
montessori-gones.fr,live,1
montessori-groenering.nl,live,1
montessori-guenzburg.de,live,2
montessori-haarlemmermeer.nl,live,2
montessori-hall.de,live,2
montessori-hanau.de,live,2
montessori-heidelberg.de,live,3
montessori-hildesheim.de,live,1
montessori-hofheim.de,live,3
montessori-holzkirchen.de,live,1
montessori-homberg-efze.de,live,2
montessori-houten.nl,live,1
montessori-idstein.de,live,1
montessori-illertal.de,live,1
montessori-ingolstadt.de,live,2
montessori-inning.de,live,2
montessori-inntal.de,live,1
montessori-intl.org,live,1
montessori-itzehoe.de,live,2
montessori-karben.de,live,1
montessori-kassel.de,live,8
montessori-kaufering.de,live,1
montessori-kempten.de,live,2
montessori-kiga-muenster.de,live,1
montessori-kiga.de,live,1
montessori-kindergarten-bernau.de,live,1
montessori-kinderhaus-freiberg.de,live,1
montessori-kinderhaus-hamburg.de,live,1
montessori-kinderhaus-lauingen.de,live,1
montessori-kinderhaus-potsdam.de,live,1
montessori-kinderhaus-we.de,live,1
montessori-kinderhaus-wertingen.de,live,1
montessori-kinderhaus.de,live,1
montessori-kinderhaus.info,live,1
montessori-kinderladen.de,live,1
montessori-kinderzentrum.de,live,1
montessori-kita-leipzig.de,live,2
montessori-kochel.de,live,1
montessori-koesching.de,live,2
montessori-konstanz.de,live,2
montessori-krailling.de,live,1
montessori-kronberg.de,live,2
montessori-la-baleine.com,live,1
montessori-landau.de,live,2
montessori-landshut.de,live,1
montessori-laverune.fr,live,1
montessori-leipzig.de,live,2
montessori-lernwerk.de,live,1
montessori-lippe.de,live,1
montessori-littlematernelle.com,live,1
montessori-lueneburg.de,live,2
montessori-lyon.org,live,1
montessori-maintal.de,live,1
montessori-marseille.fr,live,1
montessori-meitingen.de,live,1
montessori-michelstadt.de,live,1
montessori-mitwitz.de,live,1
montessori-mkk.de,live,3
montessori-montpellier.fr,live,1
montessori-morocco.com,dead,1
montessori-muehlheim.de,live,1
montessori-muenchen-laim.de,live,1
montessori-muenchen-west.de,live,1
montessori-muenchen.com,live,1
montessori-muenchen.de,live,1
montessori-muenster.de,live,2
montessori-niederrhein.de,live,1
montessori-nohra.de,live,2
montessori-oettingen.de,live,1
montessori-os.de,live,3
montessori-otterfing.de,live,1
montessori-ottersweier.de,live,1
montessori-palau.net,live,1
montessori-paris.com,live,2
montessori-passau.de,live,2
montessori-passepartout.nl,live,1
montessori-penzberg.de,live,1
montessori-pirmasens.de,live,1
montessori-plauen.de,live,3
montessori-portorecanati.it,dead,1
montessori-preschool-berlin.de,live,2
montessori-radolfzell.de,live,2
montessori-reichelsheim.de,live,1
montessori-rhenen.nl,live,1
montessori-rive-gauche.ch,live,1
montessori-rohrdorf.de,live,3
montessori-romans.fr,live,1
montessori-rosenheim.de,live,1
montessori-rotenburg.de,live,1
montessori-s-mitte.de,live,1
montessori-sasbach.de,live,1
montessori-school.tn,live,1
montessori-schools.com,live,3
montessori-schule-annaberg.info,live,1
montessori-schule-dachau.de,live,1
montessori-schule-goettingen.de,live,1
montessori-schule-walsro.de,live,1
montessori-schule-wiesbaden.de,live,1
montessori-schule.com,live,2
montessori-schwangau.de,live,1
montessori-schweinfurt.de,live,4
montessori-smallworld.com,live,1
montessori-smilesnkids.fr,live,1
montessori-sonthofen.de,live,1
montessori-starnberg.de,live,2
montessori-stiftung.de,live,2
montessori-stjohann.de,live,1
montessori-stockdorf.de,live,1
montessori-stolberg.de,live,2
montessori-strausberg.de,live,1
montessori-stuttgart.de,live,1
montessori-suenching.de,live,1
montessori-tarentaise.fr,live,1
montessori-tegel.de,live,1
montessori-tours.org,live,1
montessori-trier.schule,live,2
montessori-troisdorf.de,live,1
montessori-uk.co.uk,live,1
montessori-ulm.de,live,3
montessori-unna.net,live,1
montessori-va.com,live,1
montessori-valence.fr,live,1
montessori-villeurbanne.com,live,1
montessori-waiblingen.de,live,1
montessori-wasserburg.de,live,1
montessori-wedemark.de,live,1
montessori-weilimdorf.de,live,1
montessori-wertingen.de,live,1
montessori-westerwald.de,live,1
montessori-woerthsee.de,live,1
montessori-wolfratshausen.de,live,1
montessori-wolfstein.de,live,1
montessori-wuerzburg.de,live,5
montessori-wuppertal.de,live,1
montessori-zaehringen.de,live,1
montessori.co.it,live,2
montessori.co.tz,live,1
montessori.com,live,4
montessori.cz,live,1
montessori.edu.co,live,1
montessori.es,live,1
montessori.k12.in.us,live,1
montessori.net,live,1
montessori.nsw.edu.au,live,1
montessori.on.ca,live,5
montessori.or.tz,live,2
montessori.org,live,3
montessori.org.au,live,2
montessori.sa.edu.au,live,1
montessori.school.nz,live,1
montessori.tn,live,1
montessori.trieste.it,live,1
montessori.za.com,live,1
montessori01.fr,live,1
montessori101.fr,live,2
montessori21.org,live,10
montessori312.ch,live,1
montessoriacad.org,live,1
montessoriacademies.com,live,4
montessoriacademy.com.au,live,58
montessoriacademy.fr,live,1
montessoriacademychicago.org,live,1
montessoriacademygeorgia.com,live,1
montessoriacademymg.com,live,1
montessoriamerican.com,live,1
montessorianc.com,live,1
montessoriandilek.cz,live,1
montessoriarcade.nl,live,1
montessoriarnhem.nl,live,1
montessoriathena.fr,live,1
montessoriathome.co.za,live,1
montessoriatlonetree.com,live,2
montessoriatsandyford.org,live,1
montessoriattiva-pavia.it,live,1
montessoribabyhouse.com,live,1
montessoribasisschool.nl,live,1
montessoribeverwijk.nl,live,1
montessoribg.com,live,1
montessoribilingue.it,live,1
montessoribilthoven.nl,live,1
montessoriblenheim.co.nz,live,1
montessoriboadilla.es,live,1
montessoribordeauxwilson.fr,live,1
montessoriborealis.com,live,1
montessoribritish.com,live,1
montessorica.com,live,3
montessoricaen.fr,live,1
montessoricali.edu.co,live,1
montessoricalmecac.com,live,1
montessoricambridge.co.uk,live,1
montessoricambridge.com,live,1
montessoricasa.com.au,live,1
montessoricasablanca.com,live,2
montessoricenter.org,live,1
montessoricenterroom.com,live,1
montessoricentre.org,live,1
montessoricg.com,live,1
montessoricharterschool.com,live,1
montessorichildrenshouse.co.nz,live,1
montessorichristianacademy.net,live,1
montessoriclapham.co.uk,live,3
montessoricollege.nl,live,1
montessoricolumbia.com,live,1
montessoricommunity.school,live,1
montessoricommunityschool.co.uk,live,1
montessoricompostela.org,live,1
montessoriconnection.org,live,2
montessoricottage.com,dead,1
montessoricottagenurseries.co.uk,live,1
montessoricountrykids.co.za,live,1
montessoricountryschool.org,live,1
montessorictr.org,live,2
montessoricuartocreciente.es,live,1
montessoricumming.com,live,1
montessoridayschool.org,live,1
montessoridayton.org,live,1
montessoridebeleving.nl,live,1
montessoridelft.nl,live,1
montessoridelmar.org,live,1
montessoridelmundo.org,live,1
montessoridesantacruz.org,live,1
montessoridiscovery.com,live,1
montessoridream.com,live,1
montessoriduluthmn.org,live,1
montessoriearlyeducation.com.au,live,1
montessorieco.nz,live,1
montessoriecoschools.co.za,live,2
montessorieducare.co.nz,live,1
montessorieersterust.co.za,live,1
montessoriegypt.com,live,1
montessorienville.fr,live,1
montessoriesclaibes.com,live,4
montessorietmoi.com,live,1
montessoriexcellence.com,live,1
montessorifamily.com,live,1
montessoriforall.org,live,1
montessorifranklin.org,live,1
montessorifranktown.org,live,1
montessorigaillac.fr,live,1
montessorigiftedprep.org,live,1
montessoriglobalri.com,live,1
montessorigoldcoast.com.au,live,1
montessorigranbilbao.com,live,1
montessorigrancanaria.com,live,1
montessorigranthamfarm.co.uk,live,1
montessoriguatemala.edu.gt,live,1
montessorihabitat.com,live,1
montessorihartsville.com,live,1
montessorihawaii.org,live,1
montessorihb.nl,live,1
montessorihetmozaiek.nl,live,1
montessorihomeschoolcollective.com.au,live,1
montessorihossegor.com,live,1
montessorihouse.ac.ke,dead,1
montessorihouse.com.au,live,3
montessorihouse.sc.ke,live,3
montessorihouston.com,live,1
montessorihuis.nl,live,1
montessorihuntsville.org,live,1
montessoriinpratica.it,live,1
montessoriinstitute.it,live,1
montessoriinternational.org,live,1
montessoriinthepines.com,live,1
montessoriintown.com,live,1
montessoriinvercargill.co.nz,live,1
montessoriiowa.org,live,1
montessorijapan.com,live,2
montessorijeunespousses.org,live,1
montessorikerikeri.co.nz,live,1
montessorikeywest.com,live,1
montessorikinderopvang.nl,live,1
montessorilearningcentre.com,live,1
montessorilleida.com,live,1
montessorilogrono.org,live,1
montessorilonggrove.org,live,1
montessorilyceumgroningen.nl,live,1
montessorimanhattan.com,live,1
montessorimavorotterdam.nl,live,1
montessorimiamibeach.com,live,1
montessorimilestones.com.au,live,1
montessoriminds.com.au,live,1
montessoriminds.vic.edu.au,live,1
montessorimocel.com,live,1
montessorimonarca.edu.mx,live,1
montessorinavarre.com,live,1
montessorinijmegen.nl,live,2
montessorinoosa.qld.edu.au,live,1
montessorinorthshore.org,live,1
montessorinternazionale.it,live,1
montessorinwk.nl,live,1
montessoriofalameda.com,live,1
montessoriofcasper.com,live,1
montessoriofcville.org,live,1
montessoriofmacon.org,live,1
montessoriofnewpaltz.com,live,1
montessorione.net,live,1
montessoriparis17.com,live,1
montessoripathway.com,live,1
montessoripathways.com,live,2
montessoripensacola.com,live,1
montessoriplus.nl,live,2
montessoriprimary.school.nz,live,1
montessoririvas.com,live,1
montessorirothenburg.de,live,1
montessorirotorua.com,live,1
montessorisalamanca.net,live,1
montessorisantacroce.it,live,1
montessorisaskatoon.ca,live,1
montessorischool-nj.com,live,1
montessorischool-oegstgeest.nl,live,1
montessorischool-spijkenisse.nl,live,1
montessorischoolapollo.nl,live,1
montessorischoolbg.org,live,1
montessorischoolcapelle.nl,live,1
montessorischooldekorf.nl,live,1
montessorischooldelinde.nl,live,1
montessorischooldepas.nl,live,1
montessorischoolgranada.com,live,1
montessorischoolhelmond.nl,live,1
montessorischoolhouse.ca,live,1
montessorischoolhoutwijk.nl,live,1
montessorischoolkralingen.nl,live,1
montessorischoolloenersloot.nl,live,1
montessorischoolmaassluis.nl,live,1
montessorischoolmerlijn.nl,live,1
montessorischoolmiami.com,live,1
montessorischoolmurcia.com,dead,1
montessorischoolofalexandria.com,live,1
montessorischoolofcheyenne.org,live,1
montessorischoolofcu.org,live,1
montessorischoolofcumming.com,live,1
montessorischoolofmarion.org,live,1
montessorischoolofwestminster.org,live,1
montessorischooloosterhout.nl,live,2
montessorischooloudaen.nl,live,1
montessorischoolparkrijk.nl,live,1
montessorischooltuinstad.nl,live,1
montessorischoolvanlith.nl,live,1
montessorischoolvenlo.nl,live,1
montessorischoolwassenaar.nl,live,2
montessorischule-aschaffenburg.de,live,1
montessorischule-beuren.de,live,1
montessorischule-geisenhausen.de,live,1
montessorischule-gilching.de,live,1
montessorischule-hausham.de,live,1
montessorischule-hohenbrunn.de,live,1
montessorischule-matarestrasse.de,live,1
montessorischule-weissenhorn.de,live,1
montessorisoest.nl,live,1
montessorisonoma.com,live,1
montessorisos.com,live,2
montessorisouthriding.com,live,1
montessorispringfield.org,live,2
montessoristad.asg.nl,live,1
montessoristeppingstone.com,dead,1
montessoristeppingstones.com,live,1
montessorisubirats.com,live,1
montessorisugarland.com,live,1
montessoritawa.org,dead,1
montessoritemecula.com,live,1
montessoritoledo.org,live,2
montessoritorah.org,live,1
montessoritrescantos.com,live,1
montessoriuv.com,live,1
montessorivaklyceum.nl,live,1
montessoriverein-chemnitz.de,live,3
montessorivickery.com,live,1
montessorivillage.es,live,3
montessorivillarosita.org,live,1
montessorivisions.com,live,2
montessoriwageningen.nl,live,1
montessoriwayschool.com,live,1
montessoriwellington.com,live,1
montessoriwestchristianschool.com,live,1
montessoriworks.ca,live,1
montessoriworks.com.au,live,1
montessoriwyndhamvale.com.au,live,1
montessorizimbabwe.org,live,1
montetsourire.com,live,1
monti-kiga.de,live,1
montiandme.co.uk,live,1
monticellomontessori.com,live,1
montiumontessori.com.au,live,1
montlanc.com,live,1
moonlightschool.es,live,1
moonrise.co.za,live,1
mooremontessori.org,live,1
mooroolbarkgrammar.vic.edu.au,live,1
morivivimontessori.org,live,1
morningsidemontessori.org,live,1
morningstarmontessori.co.za,live,1
morningstarmontessori.org,live,1
mos-allgaeu.de,live,1
mos-muenchen.de,live,1
mosaic-montessori.com,live,1
motsemotheo.com,live,1
mountaineermontessori.org,live,1
mountainmeadowsmontessori.org,live,1
mountainshadows.org,live,1
mountainsidehelena.com,live,1
mountainsidemontessori.com,live,1
mountainsunschool.org,live,1
mountaintopmontessori.org,live,1
mountainvillagecharterschool.org,live,1
mozon.nl,live,1
mpls.k12.mn.us,live,1
mpsaz.org,live,2
mpsomaha.org,live,3
mrcserie.org,live,1
mrgcharter.org,live,1
ms-arn.de,live,1
ms-uh.org,live,1
msa.nl,live,4
msasc.org,live,1
msb.edu.cn,live,1
msch.nu,dead,1
mscvt.org,live,1
msd-co.org,live,1
msdsc.us,live,1
mseastorlando.com,live,1
msfedu.org,live,1
msfortmyers.com,live,1
msgh.org,live,1
msgl.org,live,1
mshmontgomery.org,live,1
msjuana.com,dead,1
mskedu.ca,live,1
msl-edu.org,live,1
msl.espritscholen.nl,live,1
mslammontessori.com,live,1
mslf.org,live,1
mslv.nl,live,1
msm.edu.mx,live,1
msmv.org,live,1
msn.com,live,9
msor.org,live,1
msosv.com,live,1
msow.org,live,1
msr.org,live,2
msrchild.org,live,1
msw-friedberg.de,live,1
msweert.nl,live,1
mswp.org,live,1
mtclabschool.org,live,1
mtclemensmontessori.com,live,1
mtcm.org,live,1
mtlebanonmontessori.org,live,1
mtmontessori.com,live,1
mtnmontessori.org,live,1
mtsoprismontessori.org,live,1
mtsz.nl,live,1
muanj.org,live,1
muehlenkinder.de,live,1
muehlhaeuser-werkstaetten.de,live,1
muenchen-mail.de,live,1
mulberrytree.co.za,live,1
muskokamontessori.ca,live,1
mutendimontessori.com,live,1
mvmcharter.org,live,1
mvmontessori.org,live,1
mvmutah.org,live,1
mweb.co.za,live,1
mwebbiz.co.za,live,1
mwei.edu.au,live,1
mwmacademy.org,live,1
mydancingmoose.com,live,1
myelement.org,live,1
myips.org,live,4
mykla.org,live,1
mylearningtreehouse.com,live,1
mylittlemontessori.org,live,1
mymage.org,live,1
mymidtownmontessori.com,live,1
mymontessori.org.uk,live,1
mynetivot.com,live,1
mypcms.org,live,1
myrtlefarmmontessori.com,live,1
mysunrisemontessori.com,live,1
mz-o.de,live,4
n4montessori.com,live,1
nairobimontessorischool.com,dead,1
namastemontessori.com,live,1
namastemontessorischool.com,live,1
naplesmontessori.org,live,1
nardin.org,live,1
nativityschool.com,live,1
natureswaymontessori.com,live,1
natureswaymontessori.rw,live,1
natureswaynapavalley.com,live,1
naturewalklearning.com,live,1
navadishaschool.org,live,1
naver.com,live,5
nciw.org,live,1
ndiscovered.com,live,1
neenah.k12.wi.us,live,1
neim.us,live,1
nelephant.ca,live,2
neriahmontessori.com,live,1
nestas-scholengroep.nl,live,1
nestcare.ie,live,1
neue-auetal-schule.de,live,1
neuf.fr,live,1
newagemontessori.com,live,1
newberry.co.za,live,1
newboroughschool.com,live,1
newdiscoveries.org,live,1
newdiscoverymontessori.com,live,1
newparkchildcare.co.uk,live,1
newschool.net,live,1
newschoolmontessori.com,live,1
newtonmontessori.org,live,2
nexo.education,live,1
nexusdevelopments.com.au,live,1
nexusel.com,live,1
ngd.de,live,1
ngmschools.com,live,1
nhmontessori.org,live,2
nidoamodotuo.it,live,1
nidogirasole.com,live,1
nidomagnolia.it,live,1
niederseeon.de,live,1
nightingaleschool.org,live,1
nilerivermontessori.com,live,1
nkmacademy.org,live,1
nlc78.eu,live,1
nlcinc.com,live,3
nmschool.com.ar,live,1
nnms.org,live,1
nonaparkmontessori.com,live,1
noos.fr,live,1
nopamontessori.com,live,1
norfon.org,live,1
northbrookmontessori.org,live,2
northcrestmontessori.com,live,1
northeastern.vic.edu.au,live,3
northshoremontessori.com,live,1
northsidemontessori.nsw.edu.au,live,1
northstarmontessori.ca,live,1
northstarmontessori.com,live,1
northwestmontessori.org,live,3
northwoodsmontessori.org,live,1
norwalkps.org,live,1
norwoodschools.org,live,1
novamontessori.com,live,1
novamontessori.school.nz,live,1
npmontessori.co.nz,live,2
npsd.k12.wi.us,live,1
npsinr.com,live,1
npsne.org,live,1
nrhmontessori.com,live,1
nsacd.com,live,1
nspired.io,live,1
nss123.org,live,2
nswmontessorischools.com.au,live,1
nurture-el.com.au,live,1
nurtureandnature.co.za,live,4
nwmontessori.vic.edu.au,live,1
oakcityacademy.org,live,1
oakdalemontessori.co.za,live,2
oakfarmschool.com,live,1
oakgrovemontessori.com,live,1
oakhavenmontessori.net,live,1
oaklandmontessori.com,live,1
oakleighmontessori.com,live,1
oakmeadow.org,live,1
oakmeadowmontessori.com,live,2
oaks-acornsmontessori.com,live,1
oaksacademy.co.ke,live,1
oakvillemontessori.com.au,live,1
oakwoodelc.com.au,live,1
obermayr.com,live,2
obs-oms.nl,live,1
obsdedriekleur.nl,live,1
obsdemare.nl,live,1
oceanstatemontessori.org,live,1
odessachristianschool.org,live,1
odysseycharterschool.com,live,1
odysseymontessori.com,live,2
ogms.org,live,1
ohmcs.org,live,1
ohrtorahcincinnati.org,live,1
okemosk12.net,live,1
okinawamontessori.com,live,1
olgmanhasset.com,live,1
olivebranchschool.com,dead,1
olumontessori.com,live,1
omni-montessori.org,live,1
omp.school.nz,live,1
omsmontessori.com,live,2
onenessfamily.org,live,1
onetreemontessori.com,live,1
oneworldmontessori.org,live,1
oneworldnc.com,live,1
online.de,live,1
ooz.nl,live,1
opo-r.nl,live,2
opoborger-odoorn.nl,live,1
opoz.nl,live,1
optonline.net,live,2
optusnet.com.au,live,1
orange.fr,live,6
orangeseeds.ca,live,1
orcas.k12.wa.us,live,1
orcasmontessori.org,live,1
orionmontessori.com,live,1
orlandomontessori.com,live,1
osaka-montessori.com,live,1
osbornsd.org,live,1
osd.wednet.edu,live,1
osghengelo.nl,live,1
osmkids.com,live,1
otakimontessori.co.nz,live,1
otari.school.nz,live,1
ourhousemontessori.org,live,1
ourmontessori.com,live,1
ourmontessorihouse.com,live,1
outlook.com,live,11
outlook.fr,live,2
outlook.ie,live,1
ovmschool.co.za,live,1
oxbridgemontessori.com,live,1
oxfordiamo.com,live,1
pacbell.net,live,1
pachemontessori.com,live,1
pacificcrest.org,live,1
pacificriminternationalschool.org,live,1
pakuranga.busybees.org.nz,live,1
palisadesmontessori.com,live,1
pallasatheneschool.nl,live,1
palmbeachschools.org,live,2
palmvalleymontessori.com,live,1
palomaschool.org,live,1
pangbournehouse.com,live,1
pantarijn.nl,live,1
paradiesvoegel.eu,live,1
parkcs.com,live,1
parkermontessori.com,live,1
parkrosemontessorischool.com,live,1
parkschools.org,live,1
pathway-montessori.com,live,1
pawleysislandmontessori.org,live,1
pbmontessori.com,live,1
pcboapeldoorn.nl,live,2
pcsb.org,live,1
pdxmc.org,live,1
peacefulpathwaysmontessori.com,live,1
peacerose.org,live,1
pearlmontessori.com.au,live,1
peartreemontessorinursery.co.uk,dead,1
peasd.org,live,1
pebbels.nl,live,3
peelmontessori.com,live,2
penfieldchildren.org,live,1
pennmontacademy.com,live,2
peoriamontessori.org,live,1
peppermontessori.com,live,1
pepschoolv2.com,live,1
perfectbeginningschildcare.com.au,live,2
petiteluminaries.com,live,1
petitemaison.ca,live,1
pfortener-schule.de,live,1
pgcps.org,live,3
pghboe.net,live,1
phase3.school,live,1
philadelphiapreschoolconnection.com,live,1
phillymontessori.com,live,1
phoenixmontessori.org,live,1
phxschools.org,live,1
pi.wa.edu.au,live,1
pickens.k12.sc.us,live,2
pilcalli.com,live,1
pinelandsmontessori.co.za,live,1
pinesmontessori.com,live,1
pinewoodsmontessori.com,live,1
pinyonmontessori.org,live,1
pioneermontessorischool.org,live,1
pizh.de,live,1
pj.nl,live,1
plaintreemontessori.co.za,live,1
plaisirdenfance.com,live,1
planomontessori.org,live,1
pm-ms.ca,live,1
pmcs1.org,live,1
pmonts.org,live,1
pocatellovalleymontessori.org,live,1
poppyseeds.co.za,live,1
portlandmontessori.org,live,1
poshminions.co.za,live,1
posteo.de,live,1
postoakschool.org,live,1
potxolines.com,live,1
poucesverts.fr,live,1
pragnyamontessori.com,live,1
prairiehill.com,live,1
prairielandmontessori.com,live,1
prakriyaschool.edu.in,live,1
prece.com,live,2
preciouscargoeducation.com.au,live,6
premier-academy.org,live,1
premontisd.net,live,1
primarymontessori.com,live,1
primoschiedam.nl,live,1
princeedwardmontessori.com,live,2
prisma-scholen.nl,live,2
privettmontessori.co.uk,live,1
prodigymontessori.com,live,1
proloog.nl,live,2
proominent.nl,live,1
puddletownschool.com,live,1
puean.de,live,2
pullmanmontessori.org,live,1
purcellvillemontessori.com,live,2
puremontessori.com,live,1
pvms.org,live,1
pz-in.de,live,1
qingdaoamerasia.org,live,1
qq.com,live,1
quadratacademy.com,live,1
queencitymontessori.org,live,2
questschool.org,live,1
raabmontessori.com,live,1
racinemontessori.com,live,1
radiokopmontessori.co.za,live,1
radmoor.org,live,1
rainbow-montessori-school.com,live,1
rainbowmont.co.za,live,1
rainbowmontessori.net,live,1
rainbowplayschool.it,live,1
raintreemontessori.org,live,1
raisingeagles.co.uk,live,1
ramonausd.net,live,1
rapunzel-ev.de,live,2
ravenswoodmontessori.com,live,1
rayjacobsschool.com,live,1
rcmontessori.com,live,1
rcmschool.ca,live,2
rcsdk12.org,live,1
redeemermontessori.org,live,1
redoaksschool.org,live,1
redrosemontessori.com,live,1
redsny.org,live,1
redwoodmontessori.org,live,1
regenbogen-halstenbek.de,live,1
remscheid.de,live,1
remueramontessori.co.nz,live,1
renaissancechild.org,live,1
renaissanceschools.org,live,1
restonmontessori.com,live,1
rfsd.k12.wi.us,live,1
rhcc4.org,live,1
rhmail.org,live,1
richland-academy.com,live,1
richland2.org,live,1
richlandone.org,live,5
richmont.org,live,1
ridgefieldmontessori.com,live,1
ridgeline.org,live,1
risenlordlc.org,live,1
risingheightsacademy.org,live,1
risingsunmontessori.org,live,1
rivendellnyc.org,live,1
riverbendmontessori.com,live,1
riverheadmontessori.co.nz,live,1
rivermontessoricharter.org,live,1
rivervalleycharter.org,live,1
riverwaylearningcommunity.org,live,1
rmaschool.org,live,1
rmckenna.org,live,1
rmischool.co.za,live,1
rml.nl,live,1
rms.wa.edu.au,live,2
rmschool.org,live,1
rmusd.net,live,1
robbinsvilleschool.com,live,1
robertfrostcharterschool.org,live,1
robinsnestmontessori.com,live,1
rochesterschools.org,live,1
rockfordschools.org,live,1
rockprairiemontessori.com,live,1
rogers.com,live,9
rondeboschmontessori.co.za,live,1
ronduitonderwijs.nl,live,1
rosarian.org,live,1
roscoe.esc14.net,live,1
rosehallmontessori.org,live,1
rossmontessori.org,live,1
rotoruawww.montessori.org.nz,dead,1
royalkindergarten.co.ke,dead,1
rpa.bright-futures.co.uk,live,1
rpms.org,live,1
rps205.com,live,1
rpsb.us,live,3
rrmstx.com,live,1
rrps.net,live,1
rschool.net,live,1
rsdnmp.org,live,1
ruffingmontessori.net,live,1
ruffingmontessori.org,live,1
rusd.org,live,1
rvbs.org,live,1
rvko.nl,live,2
rvmontessori.com,live,1
rwi-nursery-preschool.jp,live,2
ryozanpark.jp,live,1
saamscholen.nl,live,1
sagebrushmontessori.org,live,1
sagewood.com.au,live,2
saint-edwards.com,live,1
saisd.net,live,2
sakuravalley.com,live,1
salidamcs.org,live,1
salto-eindhoven.nl,live,1
salvert.org,live,1
sammamishmontessori.com,live,1
samontessori.com,live,1
samontessori.com.au,live,7
sandi.net,live,1
sandwichmontessori.org,live,1
sanjuan.edu,live,1
sankofamontessori.org,live,1
sanpedrogava.com,live,1
santancs.com,live,1
sapientiamontessori.com,live,1
saplingnursery.com,live,1
sb.school,live,1
sbcglobal.net,live,21
sbmontessoricharter.com,live,1
sbunified.org,live,1
sccpss.com,live,1
scdayschool.com,live,1
schoolinthehills.com,live,2
schoolinthewoodsmontessori.org,live,1
schoolofthenations.org,live,1
schoolofthewoods.org,live,1
schools.nyc.gov,live,1
schools.sa.edu.au,live,1
schule-mcg.de,live,1
schule-zwochau.de,live,1
schule.duesseldorf.de,live,1
schule.nrw.de,live,4
schule.suedtirol.it,live,1
schule.thueringen.de,live,1
schulen-dormagen.de,live,2
schulen-ilmkreis.de,live,1
schulen-lev.de,dead,1
schulen.krefeld.de,live,1
schulwerkstatt.com,live,1
scms.org,live,1
scsd.us,live,1
scuolacarsana.it,live,1
scuolamaternalavittoria.com,live,1
scuolamontessori.co.nz,live,2
scuolamontessori.com,live,1
scuolamontessoribg.it,live,1
scuolamontessorimilano.it,live,1
scuole.provincia.tn.it,live,5
sd38.bc.ca,live,1
sd43.bc.ca,live,1
sdk-kinderopvang.nl,live,1
sdnc.org,live,3
seametrey.org,live,1
secretgardenmontessori.org,live,1
sedonacharterschool.com,live,1
seedlingsmontessori.co.za,live,1
selkirkmontessori.ca,live,3
sensorstory.com,live,1
sesamelane.com.au,live,1
setonmontessori.org,live,1
sevenacresmontessori.org,live,2
sevillamontessorischool.es,live,1
sfr.fr,live,1
sfschool.org,live,1
sfusd.edu,live,1
shadelmontessoricentre.com,live,1
shadyoaksmontessori.com,live,1
shelton.org,live,1
shereensmontessori.co.za,live,1
sherwoodforestmontessori.com,live,1
sherwoodmontessori.org,live,1
shiningminds.com,live,1
shiningstarspcs.org,live,1
shorelineschool.com,live,1
shrewsburymontessori.org,live,2
sidewalksendmontessori.com,live,2
sihirlibahce.com.tr,live,1
siksha.co.in,live,1
silverbowmontessori.org,live,1
silverfalls.k12.or.us,live,1
silverlinemontessori.com,live,2
silvermaplemontessori.com,live,1
silversandsmcs.org,live,1
sinaiacademy.co.za,live,1
sishugriha.in,live,1
sjpsb.org,live,1
sjusd.org,live,1
ska.nl,live,1
skf-giessen.de,live,1
skf-mg.de,live,1
skitterlandmontessori.co.za,live,1
skuld-angel.com,live,2
skyridgemontessori.ca,live,1
slps.org,live,1
smallworldmontessori.co.uk,live,1
smallworldmontessori.com,live,1
smartstarteducation.com.au,live,1
smfc.k12.ca.us,live,1
smfcsd.net,live,1
smhall.org,live,1
smithschildren.co.uk,live,1
smmontessori.com,live,1
smmp.de,live,1
sms.nsw.edu.au,live,1
smsi.ie,live,3
smsschool.ca,live,1
smyrnams.org,live,1
snapdragonmontessori.org,live,1
snet.net,live,2
snhec.org,live,1
snowdropmontessori.org,live,1
soaringwings.org,live,1
solidarity.org,live,1
solonk12.net,live,1
solylunamontessori.com,live,1
somersfield.bm,live,1
songbirdacademy.com,live,1
songbirdelc.com.au,live,1
sonnenquell-montessori.de,live,1
sonnenschein-montessori.schule,live,2
sonnetschool.com,live,2
sophiamontessori.com,live,1
sophiascholen.nl,live,1
sopoh.nl,live,1
sorrisomontessori.it,live,1
southamptonmontessori.com,live,1
southbaymontessori.com,live,1
southcoastmontessori.org,live,1
southend.school.nz,live,1
southernmontessori.sa.edu.au,live,1
southernute-nsn.gov,live,1
southloopmontessori.org,live,1
southsidemontessori.edu.au,live,2
southsideschools.co.za,live,1
southwestmontessoriacademy.org,live,1
spaarnesant.nl,live,1
sparklesmontessori.in,live,1
sparkmontessori.org,live,1
spart7.org,live,1
spartan.org,live,1
spaziomontessori.com,live,1
spelc-hawaii.com,live,1
spes.pd.it,live,4
spokaneschools.org,live,1
spoutrecht.nl,live,2
spps.org,live,4
spring-bilingual.org,live,1
springfieldpublicschools.com,live,1
springfieldroyalmontessori.com,live,1
springhillmontessori.com.au,live,2
springhillmontessori.org,live,1
springmont.com,live,1
springschool.com,live,1
springsmontessori.com,live,1
springvalley.org,live,1
sproutsmontessori.com,live,1
sprucepinemontessori.org,live,1
sprucetreemontessori.com,live,1
srh.de,live,1
srms.org,live,1
ssamontessori.com,live,1
ssesh.org,live,1
ssmsmontessori.net,live,1
st-elisabeth-stiftung.de,live,1
st-martin-caritas.de,live,1
stadt-muenster.de,live,1
stadt-son.de,live,1
stadt.leverkusen.de,live,1
stamarin.com,live,1
stamontessori.org,live,1
starfieldmontessorischool.com,live,1
starschool.org,live,1
startrite.edu.gh,live,1
statesvillemontessori.org,live,1
stauntonmontessori.org,live,1
stcroixmontessori.org,live,1
steamboatmontessori.org,live,1
stemmontessori.com,live,1
stepbystepmontessori.co.uk,live,1
stepbystepmontessori.com,live,8
steppingstonemontessori.com,live,2
steppingstoneseastlansing.org,live,1
steppingstonesgr.org,live,1
sterlingmontessori.org,live,1
stgeorgemontessori.com.au,live,1
sthelensmontessori.co.uk,live,1
sthms.org,live,1
stichtingobo.nl,live,1
stichtingovo.nl,live,1
stichtingproo.nl,live,3
stiftung-finneck.de,live,1
stirlingmontessori.com,live,1
stisted.academy,live,1
stjamesdallas.org,live,2
stjohns-excelsior.org,live,1
stjohns.sa.edu.au,live,1
stjohnsmontessori.co.nz,live,1
stkk.nl,live,1
stmarcel.net,live,1
stmariaschool.sc.ke,live,1
stmarksmontessori.org,live,1
stmarymontessori.com,live,2
stmaryschoolswormville.org,live,1
stmarysmontessorischool.com,live,2
stmatthewsnewport.com,live,1
stoneviewmontessori.com,dead,1
stoneycreekmontessori.com,live,1
stpaulsmontessori.org,live,1
stpetersaz.com,live,1
strandmontessori.ie,live,1
stratamontessori.ca,live,1
strodemontessori.com,live,1
studiokidsmiami.com,live,1
stursulavilla.org,live,1
sudburymontessori.ca,live,1
sugarcreekmontessori.com,live,1
sugarmillmontessori.com,live,1
summitcds.org,live,1
summitmontessori.org,live,1
summitquesta.com,live,1
sunbeamsmontessori.co.za,live,1
sundborn.org,live,1
sundropsmontessori.com,live,1
sunflowermontessorischool.com,live,1
sungardenmontessori.org,live,1
sungrovemontessori.org,live,1
sunny-meadows.com,live,1
sunnyhollow.org,live,1
sunrise-montessori.com,live,1
sunsethillsmontessori.com,live,1
sunshinekids-academy.com,live,2
sunshinemontessoriokinawa.com,live,1
sunstonemontessori.org,live,1
superstart.co.nz,live,1
support.com,live,1
surabayaeuropeanschool.com,live,1
surfbvi.com,live,1
sussexms.k12.de.us,live,1
sustainablecoffeebay.org.za,live,2
sutherland-academy.com,live,1
suzukischool.com,live,3
svcmontessori.org,live,1
swalmenroer.nl,live,1
swanmont.org,live,1
swanrivermontessori.org,live,1
swevenedu.com,live,1
symbiohengelo.nl,live,1
t-online.de,live,8
tacoma.k12.wa.us,live,3
tadalamontessori.com.au,live,1
talenthoorn.nl,live,1
talentree.fr,live,1
talhadochildrenshaven.org,live,1
tangischools.org,live,2
tanglewoodschool.ca,live,1
taraporewallas.com,live,1
tawamontessori.co.nz,live,1
tcaps.net,live,1
tchverona.com,live,1
tcmps.com,live,1
tds.net,live,1
teach.americanmontessori.net,live,1
teddybearsmontessori.co.za,live,1
telkomsa.net,live,2
telluridemtnschool.org,live,1
telus.net,live,1
tempemontessori.org,live,1
tempeschools.org,live,1
templemontessori.com,live,2
tems.es,live,1
terredenvol.eu,live,1
terrysmontessori.com,live,2
tfmontessori.com,live,1
tfssa.org,live,1
thacherschool.org,live,1
theangeladayschool.org,live,1
theardeeschool.com,live,1
thebayacademy.co.za,live,1
thebeddowschool.org,live,1
thebmss.org,live,1
thecentennialmontessori.com,live,1
thechildrenshouse.sc,live,1
thechildunique.org,live,3
thedelraymontessorischool.com,live,1
thediscoveryschool.net,live,1
thediscoveryschool.org,live,1
thefamilyworkshop.fr,live,1
thegapmontessori.com.au,live,1
thegardenmontessori.org,live,1
thegms.org,live,1
thegroveschool.org,live,1
thehillsboroschool.org,live,1
thehms.org,live,1
thehumanistacademy.org,live,1
theinnovativeschool.com,live,1
theivyschool.org,live,1
thejourneyschool.net,live,1
thekennethacademy.com,live,1
thelilliputianschool.com,live,1
thelittleschool.ie,live,1
themaplesschool.com,live,1
themontessori.com,live,1
themontessori.org,live,1
themontessoricg.ae,live,1
themontessorichildrenshouse.net,live,1
themontessorihouse.com,live,1
themontessorihouse.org,live,1
themontessorinest.co.za,live,1
themontessorinurseryschool.com,live,1
themontessoriplace.org.uk,live,1
themontessorischool.com,live,1
themontessorischool.org,dead,1
themontessorischool.us,live,1
themontessorischool.wa.edu.au,live,2
thenatureschoolofcentralindiana.org,live,1
thenewcenturyschool.com,live,1
thenurtury-montessori.com,live,3
thepeacerose.com,live,1
thepocketchildcare.com.au,live,1
thequiverschool.com,live,1
theratnerschool.org,live,2
theredwoodnursery.com,live,16
therenaissanceschool.org,live,1
theriverseedschool.org,live,1
thesmarterkids.com,live,2
thetecschools.com,live,1
thetidewaterschool.org,live,1
thetreehouse.school.nz,live,1
thetreehousectk.org,live,1
thevalleyschool.k12.or.us,live,1
thevillageschool.net,live,1
thewaldenschool.org,live,1
thewillows-school.co.za,live,1
thinkmontessori.com,live,1
thirroulpreschool.com.au,live,1
threeriversmontessori.org,live,1
threetree.org,live,1
thrivingday.com,live,1
tigremontessori.com.ar,live,1
tildenlittlehouse.com,live,1
tiscali.it,live,1
titokimontessori.school.nz,live,1
tlcearlylearning.com.au,live,1
tma-el.org,live,1
tmaoc.com,live,1
tmaonline.org,live,1
tmesnm.com,live,1
tmet.org.nz,live,2
tmidenver.com,live,1
tmsi.in,live,1
tmsoe.org,live,1
tncschools.com,live,3
toddlersonthehill.org,live,1
tomah.education,live,1
tomorrowshopemontessori.com,live,1
tonglemontessori.com,live,1
topschools.co.za,live,1
toritschool.org,live,1
totarahillmontessori.co.nz,live,1
townofwindsorct.com,live,1
townsvillemontessori.com,live,2
treehousemontessorios.com,live,1
treehouseyokohama.com,live,1
treeoflifeschool.net,live,1
treeside.co.za,live,1
treetops.wa.edu.au,live,1
trevosedayschool.com,live,1
trillium-international-school.com,live,1
trilliummontessori.co.nz,live,1
trilliummontessori.org,live,1
trinity-tlc.com,live,1
trinity.sa.edu.au,live,1
trinitymontessori.ca,live,1
troelstraschool.nl,live,1
tronde.nl,live,1
truthpcs.org,live,1
tschiele.com,live,1
tuituieducare.co.nz,live,1
tulsaschools.org,live,3
turtlerivermontessori.com,live,1
tusd1.org,live,1
tuskmont.org,live,1
twinparks.org,live,4
u3-kita-wasserfloehe.de,live,1
ubmontessori.com,dead,1
undercroft.org,live,1
underthewillow.co.uk,live,1
universitymontessori.org,live,1
unvillaggiopercrescere.it,dead,2
upavim.org,live,1
urbanschoolhouse.org,live,1
ursuline.org,live,1
usd497.org,live,1
uticak12.org,live,2
uvmontessori.com,live,1
uw.edu,live,2
v.fawz.de,live,1
valenciamontessori.org,live,1
valkenbos.net,live,1
valtrompianet.it,live,1
vamontessori.com,live,1
varietas.nl,live,1
velinternational.com,live,1
verein-fuer-gemeindepflege.de,live,1
verizon.net,live,9
vesd.net,live,1
vidyanjali.in,live,1
viku-muenchen.de,live,1
villadimaria.org,live,1
villagegateacademy.com,live,1
villagemontessorischool.co.za,live,1
villamadonna.net,live,1
villamontessori.com,live,1
vimsia.org,live,1
vincerola.de,live,2
vincischool.org,live,1
vineyardmontessori.com,live,1
violeta.org,live,1
virgilio.it,live,4
viroquablackhawk.org,live,1
virtuscoop.it,live,1
visaliamontessori.com,live,1
vischool.org,live,1
visitationacademy.org,live,1
vistachristianpreschool.org,live,1
vmashburn.com,live,1
vodamail.co.za,live,1
vs-chemnitz.de,live,1
vsb.bc.ca,live,1
vschool.in,live,1
vt.uniting.org,live,1
waalsdorp.nl,live,2
wacoisd.org,live,1
wacomontessorischool.org,live,1
waddenkind.nl,live,1
waiukumontessori.co.nz,dead,1
wakeforestmontessori.com,live,1
waldengreen.org,live,1
waldenschool.us,live,1
walnutfarm.org,live,1
walnutparkmontessori.org,live,2
wanadoo.fr,live,3
waora.school.nz,live,2
warsawmontessori.edu.pl,live,3
washingtonmontessori.org,live,1
waterdownmontessori.com,live,1
waterfordmontessori.org,live,2
waterfrontacademy.org,live,1
waterfrontmontessori.com,live,1
waterlilymontessori.org,live,1
waterloomontessori.ca,live,1
wausauschools.org,live,1
wauwatosa.k12.wi.us,live,1
wayhome.org.ua,live,1
wayoftheshepherd.org,live,1
waypointmontessori.org,live,1
wbms.org,live,1
wccsonline.com,live,1
wcpss.net,live,1
wearemontessori.com,live,4
web.de,live,1
webmail.co.za,live,1
webstermontessori.org,live,1
weewisdommontessori.co.nz,live,1
wegwijzerschool.nl,live,1
weidenschule.de,live,1
wellesleymontessori.org,live,1
wemschool.org,live,1
wereldkidz.nl,live,3
westchesterta.org,live,1
westendmontessori.com,live,1
westhills-montessori.com,live,1
westminsterschool.org,live,2
westmontmontessori.org,live,1
westottawa.net,live,1
westsideschool.ca,live,2
westwoodmontessori.com,live,1
wetherillschool.org,live,1
wfchmontessori.com,live,1
wfcopublicschools.org,live,1
whanganuimontessori.co.nz,live,1
wharfedalemontessori.co.uk,live,1
wheatleyschool.com,live,1
wheatonmontessori.org,live,1
whitbymontessori.ca,live,1
whitelightmontessori.com,live,1
whitepinesmontessori.com,live,1
whiterockmontessori.org,live,1
whitsundaymontessori.com.au,live,1
wholechildacademy.com,live,1
wholelifelearningcenter.com,live,1
wholeschoolleadership.org,live,1
wij-de-wereld.com,live,1
wildfernmont.org,live,1
wildflowermontessorischool.org,live,1
wildflowernewyorkcharterschool.org,live,1
wildrosemontessori.org,live,1
wildwoodmontessori.com,live,1
willistown.org,live,1
willowmontessoriacademy.com,live,1
willowoakmontessori.org,live,1
wilsonmontessori.com,live,1
windmontsch.org,live,1
windsor-montessori.com,live,1
winterkoninkje.nl,live,1
wintonss.eq.edu.au,live,1
wisdomacademy.net,live,1
wishingwellschools.com,live,1
wisteriamontessori.org,live,1
wkpreschool.co.za,live,1
wlps.net,live,1
wlschaska.org,live,1
wma.care,live,1
wmioregon.com,live,1
wmpcs.org,live,1
wms-nyc.org,live,1
wmsde.org,live,1
wmsny.org,live,1
woms.ca,live,2
wonderlandmontessori.com,live,6
wondermontessori.org,live,1
woodinvillemontessori.org,live,1
woodlandhill.org,live,1
woodlawnprep.cc,live,1
woodsacademy.org,live,1
woodscreekmontessori.org,live,1
woodsideacademy.com,live,1
woomontessori.org,live,2
wpms.edu,live,1
ws-eg.de,live,1
wsko.eu,live,1
wsmontessori.org,live,1
wsmsnyc.org,live,2
wvms.org,live,1
xenavpur-anghefpuhyr.qr,dead,1
xpectprimair.nl,live,2
xtra.co.nz,live,12
yabonga.org,live,1
yahoo.ca,live,1
yahoo.co.in,live,3
yahoo.co.uk,live,6
yahoo.com,live,74
yahoo.com.au,live,1
yahoo.fr,live,4
yahoo.ie,live,2
yahoo.in,live,1
yahoo.it,live,3
yassmontessori.com.au,live,1
ydlv.org,live,1
yellowkitenursery.com,live,1
ymail.com,live,2
ynzmontessori.com,live,1
yonkerspublicschools.org,live,3
york.k12.sc.us,live,1
yorkmontessorischool.com,live,1
zaragozaschoolhouse.com,live,1
zeligsociale.it,live,1
zenithmontessori.co.za,live,1
zfk-mg.de,live,1
zfsa.de,live,1
zinderonderwijs.nl,live,1
zonkiemontessori.co.za,live,1
aldananurseries.com,revived,1
ami-tanzania.ac.tz,dead_confirmed,1
ankuraamontessorischool.com,dead_confirmed,1
arrismontessori.com,dead_confirmed,1
bambiniinemergenza.org,revived,1
collegelycee-montessori-lyon.org,revived,1
discoverymontessori.net,dead_confirmed,1
ecoledescastors.fr,dead_confirmed,1
rosehillmontessori.org,revived,1
