org_name,country,email,variant,date
Montessori Beginnings – Maribyrnong,Australia,maribyrnong@mbegin.com.au,hello-template-A-jul15-doctrine,2026-07-16
Montessori Academy – North Parramatta,Australia,parramatta@montessoriacademy.com.au,hello-template-A-jul15-doctrine,2026-07-16
AMIGA Montessori Maddingley,Australia,maddingley@amiga-montessori.com.au,hello-template-A-jul15-doctrine,2026-07-16
Hills Montessori,Australia,admin@hillsmontessori.com,hello-template-A-jul15-doctrine,2026-07-16
Boardwalk Montessori School,Canada,office@boardwalkmontessori.com,hello-template-A-jul15-doctrine,2026-07-16
Stirling Montessori Academy,Canada,info@stirlingmontessori.com,hello-template-A-jul15-doctrine,2026-07-16
Head Start Montessori School,Canada,info@headstartmontessori.ca,hello-template-A-jul15-doctrine,2026-07-16
Ecole Montessori Mont et Sourire,France,contact@montetsourire.com,hello-template-A-jul15-doctrine,2026-07-16
École Montessori Marseille,France,info@montessori-marseille.fr,hello-template-A-jul15-doctrine,2026-07-16
Lycée International Montessori - Ecole Athéna,France,mail@lyceeinternationalmontessori.fr,hello-template-A-jul15-doctrine,2026-07-16
Montessori en Herbe,France,ecolealternativeaudomaroise@gmail.com,hello-template-A-jul15-doctrine,2026-07-16
Montessori-Integrations-Kindergarten der Akton Sonnenschein gemeinnützigen Schul-GmbH,Germany,kiga-leitung@aktionsonnenschein.de,hello-template-A-jul15-doctrine,2026-07-16
Katholisches Kinderhaus Bautzen,Germany,verein@montessori-bautzen.de,hello-template-A-jul15-doctrine,2026-07-16
Maria Montessori Grundschule,Germany,schule@montessori-coe.de,hello-template-A-jul15-doctrine,2026-07-16
Kita Paradiesvögel - Die Kolibris,Germany,sp25@paradiesvoegel.eu,hello-template-A-jul15-doctrine,2026-07-16
Montessori Kinderhaus Kochel,Germany,kinderhaus@montessori-kochel.de,hello-template-A-jul15-doctrine,2026-07-16
The Nest Creche and Montessori Schools,Ireland,enquiries@nestcare.ie,hello-template-A-jul15-doctrine,2026-07-16
Early Learning Montessori & Afterschool Service,Ireland,elmstradbally@gmail.com,hello-template-A-jul15-doctrine,2026-07-16
The Caterpillar Academy of Montessori,Ireland,caterpillaracademy@yahoo.com,hello-template-A-jul15-doctrine,2026-07-16
Scuola Primaria Paritaria Montessori Brescia (paritaria),Italy,info@sorrisomontessori.it,hello-template-A-jul15-doctrine,2026-07-16
"Nido ""La casetta magica Srl"" (Privato)",Italy,casettamagicasrl@gmail.com,hello-template-A-jul15-doctrine,2026-07-16
Asilo nido Il giardino dei bambini (privato),Italy,cooperativatalitakum@gmail.com,hello-template-A-jul15-doctrine,2026-07-16
Nido (Privato) - Oasis Montebruno,Italy,montebruno.oasis@gmail.com,hello-template-A-jul15-doctrine,2026-07-16
SAKURA VALLEY MONTESSORI PRE-SCHOOL,Japan,info@sakuravalley.com,hello-template-A-jul15-doctrine,2026-07-16
スクルドエンジェル保育園そうま園,Japan,soma@skuld-angel.com,hello-template-A-jul15-doctrine,2026-07-16
ABC International School,Japan,abcintl@gol.com,hello-template-A-jul15-doctrine,2026-07-16
Little Fairy Montessori Home,Japan,littlefairy.international@gmail.com,hello-template-A-jul15-doctrine,2026-07-16
De Wegwijzer,Netherlands,directie@wegwijzerschool.nl,hello-template-A-jul15-doctrine,2026-07-16
Montessorischool De Pas,Netherlands,info@montessorischooldepas.nl,hello-template-A-jul15-doctrine,2026-07-16
Montessori Korein Kinderplein Craneveldstraat,Netherlands,craneveldstraat@korein.nl,hello-template-A-jul15-doctrine,2026-07-16
Asvoschool,Netherlands,info@asvo.nl,hello-template-A-jul15-doctrine,2026-07-16
Nova Montessori,Netherlands,info.novamontessori@fortior.nl,hello-template-A-jul15-doctrine,2026-07-16
Marlborough Montessori Preschool,New Zealand,info@marlboroughmontessori.co.nz,hello-template-A-jul15-doctrine,2026-07-16
Marshwood Montessori School,New Zealand,marshwoodm@gmail.com,hello-template-A-jul15-doctrine,2026-07-16
Montessori Lleida,Spain,dpd@montessorilleida.com,hello-template-A-jul15-doctrine,2026-07-16
International Montessori Sotogrande (IMS),Spain,admissions@ims-sotogrande.com,hello-template-A-jul15-doctrine,2026-07-16
Moonlight International School,Spain,info@moonlightschool.es,hello-template-A-jul15-doctrine,2026-07-16
Mammolina Montessori International School,Spain,info@mammolinamontessori.com,hello-template-A-jul15-doctrine,2026-07-16
Canadian Montessori Nursery — Dubai,United Arab Emirates,info@canadianmontessorinursery.com,hello-template-A-jul15-doctrine,2026-07-16
Ladybird Nursery — JVC,United Arab Emirates,info.jvc@ladybirdnursery.ae,hello-template-A-jul15-doctrine,2026-07-16
Sunny Meadows Nursery (Montessori),United Arab Emirates,info@sunny-meadows.com,hello-template-A-jul15-doctrine,2026-07-16
Canadian Montessori Nursery — AUS/Al Majaz,United Arab Emirates,admin@cmn.ae,hello-template-A-jul15-doctrine,2026-07-16
Montessori by Busy Bees (East Putney),United Kingdom,putney.centredirector@busybees.com,hello-template-A-jul15-doctrine,2026-07-16
Holly Tree Montessori Nursery,United Kingdom,stockport@hollytreemontessorinursery.co.uk,hello-template-A-jul15-doctrine,2026-07-16
Wharfedale Montessori,United Kingdom,secretary@wharfedalemontessori.co.uk,hello-template-A-jul15-doctrine,2026-07-16
Rainbow Montessori – Clifton,United States,admin@rainbowmontessori.net,hello-template-A-jul15-doctrine,2026-07-16
Woodland Hill Montessori School,United States,skambrich@woodlandhill.org,hello-template-A-jul15-doctrine,2026-07-16
Montessori Community School—Honolulu,United States,cali@montessoricenterroom.com,hello-template-A-jul15-doctrine,2026-07-16
LifeSong Montessori School,United States,shannon.lifesongmontessori@gmail.com,hello-template-A-jul15-doctrine,2026-07-16
The Montessori School for Shreveport South Campus,United States,angieday.montessori@gmail.com,hello-template-A-jul15-doctrine,2026-07-16
